create table if not exists regionprofile(id varchar(100) not null primary key, 
                                         indexsuffix varchar(200), 
                                         version varchar(10));
insert into regionprofile values('default','dnb_duns_companies_gdmi','v5');
insert into regionprofile values('defaultOld','dnb_duns_companies_gdmi','v5');
insert into regionprofile values('defaultNew','dnb_duns_companies_gdmi','v5');
insert into regionprofile values('referenceDefault','dnb_duns_costco','');
insert into regionprofile values('referenceAON','aon_contacts','');
insert into regionprofile values('referenceIBM','ibm','');
insert into regionprofile values('referenceGCA','gca','');

create table if not exists regiontype(type varchar(50) not null primary key);
insert into regiontype values('default');
insert into regiontype values('companynamerange');
insert into regiontype values('countryrange');
insert into regiontype values('statevalue');

######Start of regions metadata
create table if not exists regionconfig (profileid varchar(100) not null, 
                                         country varchar(100) not null, 
                                         shards int not null, 
                                         type varchar(50) not null, 
                                         region varchar(200), 
                                         datatype varchar(30), 
                                         resourcefieldkey varchar(100), 
                                         value varchar(5), 
                                         secondaryresourcekey varchar(100), 
                                         start varchar(5), 
                                         end varchar(5), 
                                         count int, foreign key(profileid) references regionprofile(id), foreign key(type) references regiontype(type));
                                         
/*
#The new default region with more regions per country
insert into regionconfig(profileid, country, shards, type, region, datatype, resourcefieldkey, value, secondaryresourcekey, start, end, count) values('defaultNew','',1,'default','region_default',null,null,null,null,null,null,null);
insert into regionconfig(profileid, country, shards, type, region, datatype, resourcefieldkey, value, secondaryresourcekey, start, end, count) values('defaultNew','',1,'default','region_no_country',null,null,null,null,null,null,null);
insert into regionconfig(profileid, country, shards, type, region, datatype, resourcefieldkey, value, secondaryresourcekey, start, end, count) values('defaultNew','ar',4,'default','region1',null,null,null,null,null,null,null);
insert into regionconfig(profileid, country, shards, type, region, datatype, resourcefieldkey, value, secondaryresourcekey, start, end, count) values('defaultNew','be',4,'default','region1',null,null,null,null,null,null,null);
insert into regionconfig(profileid, country, shards, type, region, datatype, resourcefieldkey, value, secondaryresourcekey, start, end, count) values('defaultNew','ez',4,'default','region1',null,null,null,null,null,null,null);
insert into regionconfig(profileid, country, shards, type, region, datatype, resourcefieldkey, value, secondaryresourcekey, start, end, count) values('defaultNew','ks',4,'default','region1',null,null,null,null,null,null,null);
insert into regionconfig(profileid, country, shards, type, region, datatype, resourcefieldkey, value, secondaryresourcekey, start, end, count) values('defaultNew','co',4,'default','region1',null,null,null,null,null,null,null);
insert into regionconfig(profileid, country, shards, type, region, datatype, resourcefieldkey, value, secondaryresourcekey, start, end, count) values('defaultNew','hk',2,'default','region1',null,null,null,null,null,null,null);

insert into regionconfig(profileid, country, shards, type, region, datatype, resourcefieldkey, value, secondaryresourcekey, start, end, count) values('defaultNew','sw',3,'default','region1',null,null,null,null,null,null,null);
insert into regionconfig(profileid, country, shards, type, region, datatype, resourcefieldkey, value, secondaryresourcekey, start, end, count) values('defaultNew','no',3,'default','region1',null,null,null,null,null,null,null);
insert into regionconfig(profileid, country, shards, type, region, datatype, resourcefieldkey, value, secondaryresourcekey, start, end, count) values('defaultNew','sf',3,'default','region1',null,null,null,null,null,null,null);
insert into regionconfig(profileid, country, shards, type, region, datatype, resourcefieldkey, value, secondaryresourcekey, start, end, count) values('defaultNew','up',2,'default','region1',null,null,null,null,null,null,null);
insert into regionconfig(profileid, country, shards, type, region, datatype, resourcefieldkey, value, secondaryresourcekey, start, end, count) values('defaultNew','po',2,'default','region1',null,null,null,null,null,null,null);
insert into regionconfig(profileid, country, shards, type, region, datatype, resourcefieldkey, value, secondaryresourcekey, start, end, count) values('defaultNew','da',2,'default','region1',null,null,null,null,null,null,null);


insert into regionconfig(profileid, country, shards, type, region, datatype, resourcefieldkey, value, secondaryresourcekey, start, end, count) values('defaultNew','tu',2,'countryrange','region_int1',null,null,null,null,null,null,null);

insert into regionconfig(profileid, country, shards, type, region, datatype, resourcefieldkey, value, secondaryresourcekey, start, end, count) values('defaultNew','mx',2,'countryrange','region_int2',null,null,null,null,null,null,null);

insert into regionconfig(profileid, country, shards, type, region, datatype, resourcefieldkey, value, secondaryresourcekey, start, end, count) values('defaultNew','vm',3,'countryrange','region_int3',null,null,null,null,null,null,null);
insert into regionconfig(profileid, country, shards, type, region, datatype, resourcefieldkey, value, secondaryresourcekey, start, end, count) values('defaultNew','nz',3,'countryrange','region_int3',null,null,null,null,null,null,null);

insert into regionconfig(profileid, country, shards, type, region, datatype, resourcefieldkey, value, secondaryresourcekey, start, end, count) values('defaultNew','sz',2,'countryrange','region_int4',null,null,null,null,null,null,null);

insert into regionconfig(profileid, country, shards, type, region, datatype, resourcefieldkey, value, secondaryresourcekey, start, end, count) values('defaultNew','is',3,'countryrange','region_int5',null,null,null,null,null,null,null);
insert into regionconfig(profileid, country, shards, type, region, datatype, resourcefieldkey, value, secondaryresourcekey, start, end, count) values('defaultNew','ei',3,'countryrange','region_int5',null,null,null,null,null,null,null);
insert into regionconfig(profileid, country, shards, type, region, datatype, resourcefieldkey, value, secondaryresourcekey, start, end, count) values('defaultNew','gr',3,'countryrange','region_int5',null,null,null,null,null,null,null);

insert into regionconfig(profileid, country, shards, type, region, datatype, resourcefieldkey, value, secondaryresourcekey, start, end, count) values('defaultNew','hu',4,'countryrange','region_int6',null,null,null,null,null,null,null);
insert into regionconfig(profileid, country, shards, type, region, datatype, resourcefieldkey, value, secondaryresourcekey, start, end, count) values('defaultNew','au',4,'countryrange','region_int6',null,null,null,null,null,null,null);
insert into regionconfig(profileid, country, shards, type, region, datatype, resourcefieldkey, value, secondaryresourcekey, start, end, count) values('defaultNew','sn',4,'countryrange','region_int6',null,null,null,null,null,null,null);
insert into regionconfig(profileid, country, shards, type, region, datatype, resourcefieldkey, value, secondaryresourcekey, start, end, count) values('defaultNew','tw',4,'countryrange','region_int6',null,null,null,null,null,null,null);

insert into regionconfig(profileid, country, shards, type, region, datatype, resourcefieldkey, value, secondaryresourcekey, start, end, count) values('defaultNew','kz',1,'countryrange','region_int7',null,null,null,null,null,null,null);
insert into regionconfig(profileid, country, shards, type, region, datatype, resourcefieldkey, value, secondaryresourcekey, start, end, count) values('defaultNew','ae',1,'countryrange','region_int7',null,null,null,null,null,null,null);
insert into regionconfig(profileid, country, shards, type, region, datatype, resourcefieldkey, value, secondaryresourcekey, start, end, count) values('defaultNew','bo',1,'countryrange','region_int7',null,null,null,null,null,null,null);

insert into regionconfig(profileid, country, shards, type, region, datatype, resourcefieldkey, value, secondaryresourcekey, start, end, count) values('defaultNew','ci',2,'countryrange','region_int8',null,null,null,null,null,null,null);
insert into regionconfig(profileid, country, shards, type, region, datatype, resourcefieldkey, value, secondaryresourcekey, start, end, count) values('defaultNew','en',2,'countryrange','region_int8',null,null,null,null,null,null,null);
insert into regionconfig(profileid, country, shards, type, region, datatype, resourcefieldkey, value, secondaryresourcekey, start, end, count) values('defaultNew','ke',2,'countryrange','region_int8',null,null,null,null,null,null,null);
insert into regionconfig(profileid, country, shards, type, region, datatype, resourcefieldkey, value, secondaryresourcekey, start, end, count) values('defaultNew','lu',2,'countryrange','region_int8',null,null,null,null,null,null,null);
insert into regionconfig(profileid, country, shards, type, region, datatype, resourcefieldkey, value, secondaryresourcekey, start, end, count) values('defaultNew','id',2,'countryrange','region_int8',null,null,null,null,null,null,null);
insert into regionconfig(profileid, country, shards, type, region, datatype, resourcefieldkey, value, secondaryresourcekey, start, end, count) values('defaultNew','mp',2,'countryrange','region_int8',null,null,null,null,null,null,null);

insert into regionconfig(profileid, country, shards, type, region, datatype, resourcefieldkey, value, secondaryresourcekey, start, end, count) values('defaultNew','my',2,'countryrange','region_int9',null,null,null,null,null,null,null);
insert into regionconfig(profileid, country, shards, type, region, datatype, resourcefieldkey, value, secondaryresourcekey, start, end, count) values('defaultNew','sa',2,'countryrange','region_int9',null,null,null,null,null,null,null);
insert into regionconfig(profileid, country, shards, type, region, datatype, resourcefieldkey, value, secondaryresourcekey, start, end, count) values('defaultNew','dr',2,'countryrange','region_int9',null,null,null,null,null,null,null);
insert into regionconfig(profileid, country, shards, type, region, datatype, resourcefieldkey, value, secondaryresourcekey, start, end, count) values('defaultNew','eg',2,'countryrange','region_int9',null,null,null,null,null,null,null);
insert into regionconfig(profileid, country, shards, type, region, datatype, resourcefieldkey, value, secondaryresourcekey, start, end, count) values('defaultNew','ve',2,'countryrange','region_int9',null,null,null,null,null,null,null);
insert into regionconfig(profileid, country, shards, type, region, datatype, resourcefieldkey, value, secondaryresourcekey, start, end, count) values('defaultNew','mt',2,'countryrange','region_int9',null,null,null,null,null,null,null);
insert into regionconfig(profileid, country, shards, type, region, datatype, resourcefieldkey, value, secondaryresourcekey, start, end, count) values('defaultNew','jo',2,'countryrange','region_int9',null,null,null,null,null,null,null);
insert into regionconfig(profileid, country, shards, type, region, datatype, resourcefieldkey, value, secondaryresourcekey, start, end, count) values('defaultNew','le',2,'countryrange','region_int9',null,null,null,null,null,null,null);
insert into regionconfig(profileid, country, shards, type, region, datatype, resourcefieldkey, value, secondaryresourcekey, start, end, count) values('defaultNew','nu',2,'countryrange','region_int9',null,null,null,null,null,null,null);
insert into regionconfig(profileid, country, shards, type, region, datatype, resourcefieldkey, value, secondaryresourcekey, start, end, count) values('defaultNew','mj',2,'countryrange','region_int9',null,null,null,null,null,null,null);
insert into regionconfig(profileid, country, shards, type, region, datatype, resourcefieldkey, value, secondaryresourcekey, start, end, count) values('defaultNew','ri',2,'countryrange','region_int9',null,null,null,null,null,null,null);
insert into regionconfig(profileid, country, shards, type, region, datatype, resourcefieldkey, value, secondaryresourcekey, start, end, count) values('defaultNew','vi',2,'countryrange','region_int9',null,null,null,null,null,null,null);
insert into regionconfig(profileid, country, shards, type, region, datatype, resourcefieldkey, value, secondaryresourcekey, start, end, count) values('defaultNew','ku',2,'countryrange','region_int9',null,null,null,null,null,null,null);
insert into regionconfig(profileid, country, shards, type, region, datatype, resourcefieldkey, value, secondaryresourcekey, start, end, count) values('defaultNew','bg',2,'countryrange','region_int9',null,null,null,null,null,null,null);
insert into regionconfig(profileid, country, shards, type, region, datatype, resourcefieldkey, value, secondaryresourcekey, start, end, count) values('defaultNew','cj',2,'countryrange','region_int9',null,null,null,null,null,null,null);
insert into regionconfig(profileid, country, shards, type, region, datatype, resourcefieldkey, value, secondaryresourcekey, start, end, count) values('defaultNew','bd',2,'countryrange','region_int9',null,null,null,null,null,null,null);
insert into regionconfig(profileid, country, shards, type, region, datatype, resourcefieldkey, value, secondaryresourcekey, start, end, count) values('defaultNew','ce',2,'countryrange','region_int9',null,null,null,null,null,null,null);
insert into regionconfig(profileid, country, shards, type, region, datatype, resourcefieldkey, value, secondaryresourcekey, start, end, count) values('defaultNew','gt',2,'countryrange','region_int9',null,null,null,null,null,null,null);
insert into regionconfig(profileid, country, shards, type, region, datatype, resourcefieldkey, value, secondaryresourcekey, start, end, count) values('defaultNew','mk',2,'countryrange','region_int9',null,null,null,null,null,null,null);
insert into regionconfig(profileid, country, shards, type, region, datatype, resourcefieldkey, value, secondaryresourcekey, start, end, count) values('defaultNew','bf',2,'countryrange','region_int9',null,null,null,null,null,null,null);
insert into regionconfig(profileid, country, shards, type, region, datatype, resourcefieldkey, value, secondaryresourcekey, start, end, count) values('defaultNew','ug',2,'countryrange','region_int9',null,null,null,null,null,null,null);
insert into regionconfig(profileid, country, shards, type, region, datatype, resourcefieldkey, value, secondaryresourcekey, start, end, count) values('defaultNew','gq',2,'countryrange','region_int9',null,null,null,null,null,null,null);
insert into regionconfig(profileid, country, shards, type, region, datatype, resourcefieldkey, value, secondaryresourcekey, start, end, count) values('defaultNew','bl',2,'countryrange','region_int9',null,null,null,null,null,null,null);
insert into regionconfig(profileid, country, shards, type, region, datatype, resourcefieldkey, value, secondaryresourcekey, start, end, count) values('defaultNew','td',2,'countryrange','region_int9',null,null,null,null,null,null,null);
insert into regionconfig(profileid, country, shards, type, region, datatype, resourcefieldkey, value, secondaryresourcekey, start, end, count) values('defaultNew','ho',2,'countryrange','region_int9',null,null,null,null,null,null,null);
insert into regionconfig(profileid, country, shards, type, region, datatype, resourcefieldkey, value, secondaryresourcekey, start, end, count) values('defaultNew','pp',2,'countryrange','region_int9',null,null,null,null,null,null,null);
insert into regionconfig(profileid, country, shards, type, region, datatype, resourcefieldkey, value, secondaryresourcekey, start, end, count) values('defaultNew','rw',2,'countryrange','region_int9',null,null,null,null,null,null,null);
insert into regionconfig(profileid, country, shards, type, region, datatype, resourcefieldkey, value, secondaryresourcekey, start, end, count) values('defaultNew','cb',2,'countryrange','region_int9',null,null,null,null,null,null,null);
insert into regionconfig(profileid, country, shards, type, region, datatype, resourcefieldkey, value, secondaryresourcekey, start, end, count) values('defaultNew','ha',2,'countryrange','region_int9',null,null,null,null,null,null,null);
insert into regionconfig(profileid, country, shards, type, region, datatype, resourcefieldkey, value, secondaryresourcekey, start, end, count) values('defaultNew','am',2,'countryrange','region_int9',null,null,null,null,null,null,null);
insert into regionconfig(profileid, country, shards, type, region, datatype, resourcefieldkey, value, secondaryresourcekey, start, end, count) values('defaultNew','zi',2,'countryrange','region_int9',null,null,null,null,null,null,null);
insert into regionconfig(profileid, country, shards, type, region, datatype, resourcefieldkey, value, secondaryresourcekey, start, end, count) values('defaultNew','fj',2,'countryrange','region_int9',null,null,null,null,null,null,null);
insert into regionconfig(profileid, country, shards, type, region, datatype, resourcefieldkey, value, secondaryresourcekey, start, end, count) values('defaultNew','ni',2,'countryrange','region_int9',null,null,null,null,null,null,null);
insert into regionconfig(profileid, country, shards, type, region, datatype, resourcefieldkey, value, secondaryresourcekey, start, end, count) values('defaultNew','mv',2,'countryrange','region_int9',null,null,null,null,null,null,null);
insert into regionconfig(profileid, country, shards, type, region, datatype, resourcefieldkey, value, secondaryresourcekey, start, end, count) values('defaultNew','kr',2,'countryrange','region_int9',null,null,null,null,null,null,null);
insert into regionconfig(profileid, country, shards, type, region, datatype, resourcefieldkey, value, secondaryresourcekey, start, end, count) values('defaultNew','bq',2,'countryrange','region_int9',null,null,null,null,null,null,null);

insert into regionconfig(profileid, country, shards, type, region, datatype, resourcefieldkey, value, secondaryresourcekey, start, end, count) values('defaultNew','ro',3,'countryrange','region_int10',null,null,null,null,null,null,null);
insert into regionconfig(profileid, country, shards, type, region, datatype, resourcefieldkey, value, secondaryresourcekey, start, end, count) values('defaultNew','bu',2,'countryrange','region_int11',null,null,null,null,null,null,null);
insert into regionconfig(profileid, country, shards, type, region, datatype, resourcefieldkey, value, secondaryresourcekey, start, end, count) values('defaultNew','fi',2,'countryrange','region_int12',null,null,null,null,null,null,null);
insert into regionconfig(profileid, country, shards, type, region, datatype, resourcefieldkey, value, secondaryresourcekey, start, end, count) values('defaultNew','lo',1,'countryrange','region_int13',null,null,null,null,null,null,null);

insert into regionconfig(profileid, country, shards, type, region, datatype, resourcefieldkey, value, secondaryresourcekey, start, end, count) values('defaultNew','mo',4,'countryrange','region_int14',null,null,null,null,null,null,null);
insert into regionconfig(profileid, country, shards, type, region, datatype, resourcefieldkey, value, secondaryresourcekey, start, end, count) values('defaultNew','cy',4,'countryrange','region_int14',null,null,null,null,null,null,null);
insert into regionconfig(profileid, country, shards, type, region, datatype, resourcefieldkey, value, secondaryresourcekey, start, end, count) values('defaultNew','si',4,'countryrange','region_int14',null,null,null,null,null,null,null);

insert into regionconfig(profileid, country, shards, type, region, datatype, resourcefieldkey, value, secondaryresourcekey, start, end, count) values('defaultNew','lg',2,'countryrange','region_int14',null,null,null,null,null,null,null);
insert into regionconfig(profileid, country, shards, type, region, datatype, resourcefieldkey, value, secondaryresourcekey, start, end, count) values('defaultNew','hr',2,'countryrange','region_int14',null,null,null,null,null,null,null);
insert into regionconfig(profileid, country, shards, type, region, datatype, resourcefieldkey, value, secondaryresourcekey, start, end, count) values('defaultNew','lh',2,'countryrange','region_int14',null,null,null,null,null,null,null);
insert into regionconfig(profileid, country, shards, type, region, datatype, resourcefieldkey, value, secondaryresourcekey, start, end, count) values('defaultNew','re',2,'countryrange','region_int14',null,null,null,null,null,null,null);

insert into regionconfig(profileid, country, shards, type, region, datatype, resourcefieldkey, value, secondaryresourcekey, start, end, count) values('defaultNew','gp',2,'countryrange','region_int15',null,null,null,null,null,null,null);
insert into regionconfig(profileid, country, shards, type, region, datatype, resourcefieldkey, value, secondaryresourcekey, start, end, count) values('defaultNew','es',2,'countryrange','region_int15',null,null,null,null,null,null,null);
insert into regionconfig(profileid, country, shards, type, region, datatype, resourcefieldkey, value, secondaryresourcekey, start, end, count) values('defaultNew','md',2,'countryrange','region_int15',null,null,null,null,null,null,null);
insert into regionconfig(profileid, country, shards, type, region, datatype, resourcefieldkey, value, secondaryresourcekey, start, end, count) values('defaultNew','mb',2,'countryrange','region_int15',null,null,null,null,null,null,null);
insert into regionconfig(profileid, country, shards, type, region, datatype, resourcefieldkey, value, secondaryresourcekey, start, end, count) values('defaultNew','bk',2,'countryrange','region_int15',null,null,null,null,null,null,null);
insert into regionconfig(profileid, country, shards, type, region, datatype, resourcefieldkey, value, secondaryresourcekey, start, end, count) values('defaultNew','ag',2,'countryrange','region_int15',null,null,null,null,null,null,null);
insert into regionconfig(profileid, country, shards, type, region, datatype, resourcefieldkey, value, secondaryresourcekey, start, end, count) values('defaultNew','ts',2,'countryrange','region_int15',null,null,null,null,null,null,null);
insert into regionconfig(profileid, country, shards, type, region, datatype, resourcefieldkey, value, secondaryresourcekey, start, end, count) values('defaultNew','ic',2,'countryrange','region_int15',null,null,null,null,null,null,null);
insert into regionconfig(profileid, country, shards, type, region, datatype, resourcefieldkey, value, secondaryresourcekey, start, end, count) values('defaultNew','kg',2,'countryrange','region_int15',null,null,null,null,null,null,null);
insert into regionconfig(profileid, country, shards, type, region, datatype, resourcefieldkey, value, secondaryresourcekey, start, end, count) values('defaultNew','pk',2,'countryrange','region_int15',null,null,null,null,null,null,null);
insert into regionconfig(profileid, country, shards, type, region, datatype, resourcefieldkey, value, secondaryresourcekey, start, end, count) values('defaultNew','fg',2,'countryrange','region_int15',null,null,null,null,null,null,null);
insert into regionconfig(profileid, country, shards, type, region, datatype, resourcefieldkey, value, secondaryresourcekey, start, end, count) values('defaultNew','ls',2,'countryrange','region_int15',null,null,null,null,null,null,null);
insert into regionconfig(profileid, country, shards, type, region, datatype, resourcefieldkey, value, secondaryresourcekey, start, end, count) values('defaultNew','ec',2,'countryrange','region_int15',null,null,null,null,null,null,null);
insert into regionconfig(profileid, country, shards, type, region, datatype, resourcefieldkey, value, secondaryresourcekey, start, end, count) values('defaultNew','qa',2,'countryrange','region_int15',null,null,null,null,null,null,null);
insert into regionconfig(profileid, country, shards, type, region, datatype, resourcefieldkey, value, secondaryresourcekey, start, end, count) values('defaultNew','sy',2,'countryrange','region_int15',null,null,null,null,null,null,null);
insert into regionconfig(profileid, country, shards, type, region, datatype, resourcefieldkey, value, secondaryresourcekey, start, end, count) values('defaultNew','gh',2,'countryrange','region_int15',null,null,null,null,null,null,null);
insert into regionconfig(profileid, country, shards, type, region, datatype, resourcefieldkey, value, secondaryresourcekey, start, end, count) values('defaultNew','ir',2,'countryrange','region_int15',null,null,null,null,null,null,null);
insert into regionconfig(profileid, country, shards, type, region, datatype, resourcefieldkey, value, secondaryresourcekey, start, end, count) values('defaultNew','pm',2,'countryrange','region_int15',null,null,null,null,null,null,null);
insert into regionconfig(profileid, country, shards, type, region, datatype, resourcefieldkey, value, secondaryresourcekey, start, end, count) values('defaultNew','af',2,'countryrange','region_int15',null,null,null,null,null,null,null);
insert into regionconfig(profileid, country, shards, type, region, datatype, resourcefieldkey, value, secondaryresourcekey, start, end, count) values('defaultNew','gi',2,'countryrange','region_int15',null,null,null,null,null,null,null);
insert into regionconfig(profileid, country, shards, type, region, datatype, resourcefieldkey, value, secondaryresourcekey, start, end, count) values('defaultNew','aa',2,'countryrange','region_int15',null,null,null,null,null,null,null);
insert into regionconfig(profileid, country, shards, type, region, datatype, resourcefieldkey, value, secondaryresourcekey, start, end, count) values('defaultNew','bc',2,'countryrange','region_int15',null,null,null,null,null,null,null);
insert into regionconfig(profileid, country, shards, type, region, datatype, resourcefieldkey, value, secondaryresourcekey, start, end, count) values('defaultNew','wa',2,'countryrange','region_int15',null,null,null,null,null,null,null);
insert into regionconfig(profileid, country, shards, type, region, datatype, resourcefieldkey, value, secondaryresourcekey, start, end, count) values('defaultNew','cm',2,'countryrange','region_int15',null,null,null,null,null,null,null);
insert into regionconfig(profileid, country, shards, type, region, datatype, resourcefieldkey, value, secondaryresourcekey, start, end, count) values('defaultNew','mc',2,'countryrange','region_int15',null,null,null,null,null,null,null);
insert into regionconfig(profileid, country, shards, type, region, datatype, resourcefieldkey, value, secondaryresourcekey, start, end, count) values('defaultNew','gl',2,'countryrange','region_int15',null,null,null,null,null,null,null);
insert into regionconfig(profileid, country, shards, type, region, datatype, resourcefieldkey, value, secondaryresourcekey, start, end, count) values('defaultNew','et',2,'countryrange','region_int15',null,null,null,null,null,null,null);
insert into regionconfig(profileid, country, shards, type, region, datatype, resourcefieldkey, value, secondaryresourcekey, start, end, count) values('defaultNew','uy',2,'countryrange','region_int15',null,null,null,null,null,null,null);
insert into regionconfig(profileid, country, shards, type, region, datatype, resourcefieldkey, value, secondaryresourcekey, start, end, count) values('defaultNew','iz',2,'countryrange','region_int15',null,null,null,null,null,null,null);
insert into regionconfig(profileid, country, shards, type, region, datatype, resourcefieldkey, value, secondaryresourcekey, start, end, count) values('defaultNew','gg',2,'countryrange','region_int15',null,null,null,null,null,null,null);
insert into regionconfig(profileid, country, shards, type, region, datatype, resourcefieldkey, value, secondaryresourcekey, start, end, count) values('defaultNew','mn',2,'countryrange','region_int15',null,null,null,null,null,null,null);
insert into regionconfig(profileid, country, shards, type, region, datatype, resourcefieldkey, value, secondaryresourcekey, start, end, count) values('defaultNew','mi',2,'countryrange','region_int15',null,null,null,null,null,null,null);
insert into regionconfig(profileid, country, shards, type, region, datatype, resourcefieldkey, value, secondaryresourcekey, start, end, count) values('defaultNew','iv',2,'countryrange','region_int15',null,null,null,null,null,null,null);
insert into regionconfig(profileid, country, shards, type, region, datatype, resourcefieldkey, value, secondaryresourcekey, start, end, count) values('defaultNew','uc',2,'countryrange','region_int15',null,null,null,null,null,null,null);
insert into regionconfig(profileid, country, shards, type, region, datatype, resourcefieldkey, value, secondaryresourcekey, start, end, count) values('defaultNew','tz',2,'countryrange','region_int15',null,null,null,null,null,null,null);
insert into regionconfig(profileid, country, shards, type, region, datatype, resourcefieldkey, value, secondaryresourcekey, start, end, count) values('defaultNew','fo',2,'countryrange','region_int15',null,null,null,null,null,null,null);
insert into regionconfig(profileid, country, shards, type, region, datatype, resourcefieldkey, value, secondaryresourcekey, start, end, count) values('defaultNew','np',2,'countryrange','region_int15',null,null,null,null,null,null,null);
insert into regionconfig(profileid, country, shards, type, region, datatype, resourcefieldkey, value, secondaryresourcekey, start, end, count) values('defaultNew','al',2,'countryrange','region_int15',null,null,null,null,null,null,null);
insert into regionconfig(profileid, country, shards, type, region, datatype, resourcefieldkey, value, secondaryresourcekey, start, end, count) values('defaultNew','bx',2,'countryrange','region_int15',null,null,null,null,null,null,null);
insert into regionconfig(profileid, country, shards, type, region, datatype, resourcefieldkey, value, secondaryresourcekey, start, end, count) values('defaultNew','mz',2,'countryrange','region_int15',null,null,null,null,null,null,null);
insert into regionconfig(profileid, country, shards, type, region, datatype, resourcefieldkey, value, secondaryresourcekey, start, end, count) values('defaultNew','jm',2,'countryrange','region_int15',null,null,null,null,null,null,null);
insert into regionconfig(profileid, country, shards, type, region, datatype, resourcefieldkey, value, secondaryresourcekey, start, end, count) values('defaultNew','ao',2,'countryrange','region_int15',null,null,null,null,null,null,null);
insert into regionconfig(profileid, country, shards, type, region, datatype, resourcefieldkey, value, secondaryresourcekey, start, end, count) values('defaultNew','za',2,'countryrange','region_int15',null,null,null,null,null,null,null);
insert into regionconfig(profileid, country, shards, type, region, datatype, resourcefieldkey, value, secondaryresourcekey, start, end, count) values('defaultNew','sm',2,'countryrange','region_int15',null,null,null,null,null,null,null);
insert into regionconfig(profileid, country, shards, type, region, datatype, resourcefieldkey, value, secondaryresourcekey, start, end, count) values('defaultNew','pa',2,'countryrange','region_int15',null,null,null,null,null,null,null);
insert into regionconfig(profileid, country, shards, type, region, datatype, resourcefieldkey, value, secondaryresourcekey, start, end, count) values('defaultNew','cf',2,'countryrange','region_int15',null,null,null,null,null,null,null);
insert into regionconfig(profileid, country, shards, type, region, datatype, resourcefieldkey, value, secondaryresourcekey, start, end, count) values('defaultNew','bb',2,'countryrange','region_int15',null,null,null,null,null,null,null);
insert into regionconfig(profileid, country, shards, type, region, datatype, resourcefieldkey, value, secondaryresourcekey, start, end, count) values('defaultNew','an',2,'countryrange','region_int15',null,null,null,null,null,null,null);
insert into regionconfig(profileid, country, shards, type, region, datatype, resourcefieldkey, value, secondaryresourcekey, start, end, count) values('defaultNew','bn',2,'countryrange','region_int15',null,null,null,null,null,null,null);
insert into regionconfig(profileid, country, shards, type, region, datatype, resourcefieldkey, value, secondaryresourcekey, start, end, count) values('defaultNew','aj',2,'countryrange','region_int15',null,null,null,null,null,null,null);
insert into regionconfig(profileid, country, shards, type, region, datatype, resourcefieldkey, value, secondaryresourcekey, start, end, count) values('defaultNew','rm',2,'countryrange','region_int15',null,null,null,null,null,null,null);
insert into regionconfig(profileid, country, shards, type, region, datatype, resourcefieldkey, value, secondaryresourcekey, start, end, count) values('defaultNew','uz',2,'countryrange','region_int15',null,null,null,null,null,null,null);
insert into regionconfig(profileid, country, shards, type, region, datatype, resourcefieldkey, value, secondaryresourcekey, start, end, count) values('defaultNew','kv',2,'countryrange','region_int15',null,null,null,null,null,null,null);
insert into regionconfig(profileid, country, shards, type, region, datatype, resourcefieldkey, value, secondaryresourcekey, start, end, count) values('defaultNew','to',2,'countryrange','region_int15',null,null,null,null,null,null,null);
insert into regionconfig(profileid, country, shards, type, region, datatype, resourcefieldkey, value, secondaryresourcekey, start, end, count) values('defaultNew','uv',2,'countryrange','region_int15',null,null,null,null,null,null,null);
insert into regionconfig(profileid, country, shards, type, region, datatype, resourcefieldkey, value, secondaryresourcekey, start, end, count) values('defaultNew','se',2,'countryrange','region_int15',null,null,null,null,null,null,null);
insert into regionconfig(profileid, country, shards, type, region, datatype, resourcefieldkey, value, secondaryresourcekey, start, end, count) values('defaultNew','ml',2,'countryrange','region_int15',null,null,null,null,null,null,null);
insert into regionconfig(profileid, country, shards, type, region, datatype, resourcefieldkey, value, secondaryresourcekey, start, end, count) values('defaultNew','cg',2,'countryrange','region_int15',null,null,null,null,null,null,null);
insert into regionconfig(profileid, country, shards, type, region, datatype, resourcefieldkey, value, secondaryresourcekey, start, end, count) values('defaultNew','gb',2,'countryrange','region_int15',null,null,null,null,null,null,null);
insert into regionconfig(profileid, country, shards, type, region, datatype, resourcefieldkey, value, secondaryresourcekey, start, end, count) values('defaultNew','su',2,'countryrange','region_int15',null,null,null,null,null,null,null);
insert into regionconfig(profileid, country, shards, type, region, datatype, resourcefieldkey, value, secondaryresourcekey, start, end, count) values('defaultNew','wz',2,'countryrange','region_int15',null,null,null,null,null,null,null);
insert into regionconfig(profileid, country, shards, type, region, datatype, resourcefieldkey, value, secondaryresourcekey, start, end, count) values('defaultNew','ly',2,'countryrange','region_int15',null,null,null,null,null,null,null);
insert into regionconfig(profileid, country, shards, type, region, datatype, resourcefieldkey, value, secondaryresourcekey, start, end, count) values('defaultNew','fp',2,'countryrange','region_int15',null,null,null,null,null,null,null);
insert into regionconfig(profileid, country, shards, type, region, datatype, resourcefieldkey, value, secondaryresourcekey, start, end, count) values('defaultNew','gv',2,'countryrange','region_int15',null,null,null,null,null,null,null);
insert into regionconfig(profileid, country, shards, type, region, datatype, resourcefieldkey, value, secondaryresourcekey, start, end, count) values('defaultNew','cv',2,'countryrange','region_int15',null,null,null,null,null,null,null);
insert into regionconfig(profileid, country, shards, type, region, datatype, resourcefieldkey, value, secondaryresourcekey, start, end, count) values('defaultNew','mr',2,'countryrange','region_int15',null,null,null,null,null,null,null);
insert into regionconfig(profileid, country, shards, type, region, datatype, resourcefieldkey, value, secondaryresourcekey, start, end, count) values('defaultNew','cq',2,'countryrange','region_int15',null,null,null,null,null,null,null);
insert into regionconfig(profileid, country, shards, type, region, datatype, resourcefieldkey, value, secondaryresourcekey, start, end, count) values('defaultNew','dj',2,'countryrange','region_int15',null,null,null,null,null,null,null);
insert into regionconfig(profileid, country, shards, type, region, datatype, resourcefieldkey, value, secondaryresourcekey, start, end, count) values('defaultNew','cd',2,'countryrange','region_int15',null,null,null,null,null,null,null);
insert into regionconfig(profileid, country, shards, type, region, datatype, resourcefieldkey, value, secondaryresourcekey, start, end, count) values('defaultNew','sc',2,'countryrange','region_int15',null,null,null,null,null,null,null);
insert into regionconfig(profileid, country, shards, type, region, datatype, resourcefieldkey, value, secondaryresourcekey, start, end, count) values('defaultNew','ga',2,'countryrange','region_int15',null,null,null,null,null,null,null);
insert into regionconfig(profileid, country, shards, type, region, datatype, resourcefieldkey, value, secondaryresourcekey, start, end, count) values('defaultNew','tk',2,'countryrange','region_int15',null,null,null,null,null,null,null);
insert into regionconfig(profileid, country, shards, type, region, datatype, resourcefieldkey, value, secondaryresourcekey, start, end, count) values('defaultNew','ns',2,'countryrange','region_int15',null,null,null,null,null,null,null);
insert into regionconfig(profileid, country, shards, type, region, datatype, resourcefieldkey, value, secondaryresourcekey, start, end, count) values('defaultNew','ac',2,'countryrange','region_int15',null,null,null,null,null,null,null);
insert into regionconfig(profileid, country, shards, type, region, datatype, resourcefieldkey, value, secondaryresourcekey, start, end, count) values('defaultNew','aq',2,'countryrange','region_int15',null,null,null,null,null,null,null);
insert into regionconfig(profileid, country, shards, type, region, datatype, resourcefieldkey, value, secondaryresourcekey, start, end, count) values('defaultNew','ek',2,'countryrange','region_int15',null,null,null,null,null,null,null);
insert into regionconfig(profileid, country, shards, type, region, datatype, resourcefieldkey, value, secondaryresourcekey, start, end, count) values('defaultNew','st',2,'countryrange','region_int15',null,null,null,null,null,null,null);
insert into regionconfig(profileid, country, shards, type, region, datatype, resourcefieldkey, value, secondaryresourcekey, start, end, count) values('defaultNew','vc',2,'countryrange','region_int15',null,null,null,null,null,null,null);
insert into regionconfig(profileid, country, shards, type, region, datatype, resourcefieldkey, value, secondaryresourcekey, start, end, count) values('defaultNew','nn',2,'countryrange','region_int15',null,null,null,null,null,null,null);
insert into regionconfig(profileid, country, shards, type, region, datatype, resourcefieldkey, value, secondaryresourcekey, start, end, count) values('defaultNew','ti',2,'countryrange','region_int15',null,null,null,null,null,null,null);
insert into regionconfig(profileid, country, shards, type, region, datatype, resourcefieldkey, value, secondaryresourcekey, start, end, count) values('defaultNew','av',2,'countryrange','region_int15',null,null,null,null,null,null,null);
insert into regionconfig(profileid, country, shards, type, region, datatype, resourcefieldkey, value, secondaryresourcekey, start, end, count) values('defaultNew','so',2,'countryrange','region_int15',null,null,null,null,null,null,null);
insert into regionconfig(profileid, country, shards, type, region, datatype, resourcefieldkey, value, secondaryresourcekey, start, end, count) values('defaultNew','la',2,'countryrange','region_int15',null,null,null,null,null,null,null);
insert into regionconfig(profileid, country, shards, type, region, datatype, resourcefieldkey, value, secondaryresourcekey, start, end, count) values('defaultNew','ct',2,'countryrange','region_int15',null,null,null,null,null,null,null);
insert into regionconfig(profileid, country, shards, type, region, datatype, resourcefieldkey, value, secondaryresourcekey, start, end, count) values('defaultNew','gy',2,'countryrange','region_int15',null,null,null,null,null,null,null);
insert into regionconfig(profileid, country, shards, type, region, datatype, resourcefieldkey, value, secondaryresourcekey, start, end, count) values('defaultNew','nh',2,'countryrange','region_int15',null,null,null,null,null,null,null);
insert into regionconfig(profileid, country, shards, type, region, datatype, resourcefieldkey, value, secondaryresourcekey, start, end, count) values('defaultNew','fm',2,'countryrange','region_int15',null,null,null,null,null,null,null);
insert into regionconfig(profileid, country, shards, type, region, datatype, resourcefieldkey, value, secondaryresourcekey, start, end, count) values('defaultNew','gj',2,'countryrange','region_int15',null,null,null,null,null,null,null);
insert into regionconfig(profileid, country, shards, type, region, datatype, resourcefieldkey, value, secondaryresourcekey, start, end, count) values('defaultNew','cw',2,'countryrange','region_int15',null,null,null,null,null,null,null);
insert into regionconfig(profileid, country, shards, type, region, datatype, resourcefieldkey, value, secondaryresourcekey, start, end, count) values('defaultNew','bp',2,'countryrange','region_int15',null,null,null,null,null,null,null);
insert into regionconfig(profileid, country, shards, type, region, datatype, resourcefieldkey, value, secondaryresourcekey, start, end, count) values('defaultNew','od',2,'countryrange','region_int15',null,null,null,null,null,null,null);
insert into regionconfig(profileid, country, shards, type, region, datatype, resourcefieldkey, value, secondaryresourcekey, start, end, count) values('defaultNew','tx',2,'countryrange','region_int15',null,null,null,null,null,null,null);
insert into regionconfig(profileid, country, shards, type, region, datatype, resourcefieldkey, value, secondaryresourcekey, start, end, count) values('defaultNew','bt',2,'countryrange','region_int15',null,null,null,null,null,null,null);
insert into regionconfig(profileid, country, shards, type, region, datatype, resourcefieldkey, value, secondaryresourcekey, start, end, count) values('defaultNew','pu',2,'countryrange','region_int15',null,null,null,null,null,null,null);
insert into regionconfig(profileid, country, shards, type, region, datatype, resourcefieldkey, value, secondaryresourcekey, start, end, count) values('defaultNew','tt',2,'countryrange','region_int15',null,null,null,null,null,null,null);
insert into regionconfig(profileid, country, shards, type, region, datatype, resourcefieldkey, value, secondaryresourcekey, start, end, count) values('defaultNew','cn',2,'countryrange','region_int15',null,null,null,null,null,null,null);
insert into regionconfig(profileid, country, shards, type, region, datatype, resourcefieldkey, value, secondaryresourcekey, start, end, count) values('defaultNew','tp',2,'countryrange','region_int15',null,null,null,null,null,null,null);
insert into regionconfig(profileid, country, shards, type, region, datatype, resourcefieldkey, value, secondaryresourcekey, start, end, count) values('defaultNew','mh',2,'countryrange','region_int15',null,null,null,null,null,null,null);
insert into regionconfig(profileid, country, shards, type, region, datatype, resourcefieldkey, value, secondaryresourcekey, start, end, count) values('defaultNew','nr',2,'countryrange','region_int15',null,null,null,null,null,null,null);
insert into regionconfig(profileid, country, shards, type, region, datatype, resourcefieldkey, value, secondaryresourcekey, start, end, count) values('defaultNew','kt',2,'countryrange','region_int15',null,null,null,null,null,null,null);
insert into regionconfig(profileid, country, shards, type, region, datatype, resourcefieldkey, value, secondaryresourcekey, start, end, count) values('defaultNew','tv',2,'countryrange','region_int15',null,null,null,null,null,null,null);
insert into regionconfig(profileid, country, shards, type, region, datatype, resourcefieldkey, value, secondaryresourcekey, start, end, count) values('defaultNew','ps',2,'countryrange','region_int15',null,null,null,null,null,null,null);
insert into regionconfig(profileid, country, shards, type, region, datatype, resourcefieldkey, value, secondaryresourcekey, start, end, count) values('defaultNew','tl',2,'countryrange','region_int15',null,null,null,null,null,null,null);
insert into regionconfig(profileid, country, shards, type, region, datatype, resourcefieldkey, value, secondaryresourcekey, start, end, count) values('defaultNew','nc',2,'countryrange','region_int15',null,null,null,null,null,null,null);

insert into regionconfig(profileid, country, shards, type, region, datatype, resourcefieldkey, value, secondaryresourcekey, start, end, count) values('defaultNew','th',2,'countryrange','region_int16',null,null,null,null,null,null,null);
insert into regionconfig(profileid, country, shards, type, region, datatype, resourcefieldkey, value, secondaryresourcekey, start, end, count) values('defaultNew','rp',2,'countryrange','region_int16',null,null,null,null,null,null,null);
insert into regionconfig(profileid, country, shards, type, region, datatype, resourcefieldkey, value, secondaryresourcekey, start, end, count) values('defaultNew','ym',2,'countryrange','region_int16',null,null,null,null,null,null,null);
insert into regionconfig(profileid, country, shards, type, region, datatype, resourcefieldkey, value, secondaryresourcekey, start, end, count) values('defaultNew','ws',2,'countryrange','region_int16',null,null,null,null,null,null,null);
insert into regionconfig(profileid, country, shards, type, region, datatype, resourcefieldkey, value, secondaryresourcekey, start, end, count) values('defaultNew','er',2,'countryrange','region_int16',null,null,null,null,null,null,null);
insert into regionconfig(profileid, country, shards, type, region, datatype, resourcefieldkey, value, secondaryresourcekey, start, end, count) values('defaultNew','fk',2,'countryrange','region_int16',null,null,null,null,null,null,null);
insert into regionconfig(profileid, country, shards, type, region, datatype, resourcefieldkey, value, secondaryresourcekey, start, end, count) values('defaultNew','sh',2,'countryrange','region_int16',null,null,null,null,null,null,null);
insert into regionconfig(profileid, country, shards, type, region, datatype, resourcefieldkey, value, secondaryresourcekey, start, end, count) values('defaultNew','wq',2,'countryrange','region_int16',null,null,null,null,null,null,null);
insert into regionconfig(profileid, country, shards, type, region, datatype, resourcefieldkey, value, secondaryresourcekey, start, end, count) values('defaultNew','yi',2,'countryrange','region_int16',null,null,null,null,null,null,null);
insert into regionconfig(profileid, country, shards, type, region, datatype, resourcefieldkey, value, secondaryresourcekey, start, end, count) values('defaultNew','ba',2,'countryrange','region_int16',null,null,null,null,null,null,null);
insert into regionconfig(profileid, country, shards, type, region, datatype, resourcefieldkey, value, secondaryresourcekey, start, end, count) values('defaultNew','cs',2,'countryrange','region_int16',null,null,null,null,null,null,null);
insert into regionconfig(profileid, country, shards, type, region, datatype, resourcefieldkey, value, secondaryresourcekey, start, end, count) values('defaultNew','mu',2,'countryrange','region_int16',null,null,null,null,null,null,null);
insert into regionconfig(profileid, country, shards, type, region, datatype, resourcefieldkey, value, secondaryresourcekey, start, end, count) values('defaultNew','bm',2,'countryrange','region_int16',null,null,null,null,null,null,null);
insert into regionconfig(profileid, country, shards, type, region, datatype, resourcefieldkey, value, secondaryresourcekey, start, end, count) values('defaultNew','sg',2,'countryrange','region_int16',null,null,null,null,null,null,null);
insert into regionconfig(profileid, country, shards, type, region, datatype, resourcefieldkey, value, secondaryresourcekey, start, end, count) values('defaultNew','ma',2,'countryrange','region_int16',null,null,null,null,null,null,null);
insert into regionconfig(profileid, country, shards, type, region, datatype, resourcefieldkey, value, secondaryresourcekey, start, end, count) values('defaultNew','bh',2,'countryrange','region_int16',null,null,null,null,null,null,null);
insert into regionconfig(profileid, country, shards, type, region, datatype, resourcefieldkey, value, secondaryresourcekey, start, end, count) values('defaultNew','ng',2,'countryrange','region_int16',null,null,null,null,null,null,null);
insert into regionconfig(profileid, country, shards, type, region, datatype, resourcefieldkey, value, secondaryresourcekey, start, end, count) values('defaultNew','by',2,'countryrange','region_int16',null,null,null,null,null,null,null);
insert into regionconfig(profileid, country, shards, type, region, datatype, resourcefieldkey, value, secondaryresourcekey, start, end, count) values('defaultNew','sl',2,'countryrange','region_int16',null,null,null,null,null,null,null);
insert into regionconfig(profileid, country, shards, type, region, datatype, resourcefieldkey, value, secondaryresourcekey, start, end, count) values('defaultNew','do',2,'countryrange','region_int16',null,null,null,null,null,null,null);
insert into regionconfig(profileid, country, shards, type, region, datatype, resourcefieldkey, value, secondaryresourcekey, start, end, count) values('defaultNew','tn',2,'countryrange','region_int16',null,null,null,null,null,null,null);
insert into regionconfig(profileid, country, shards, type, region, datatype, resourcefieldkey, value, secondaryresourcekey, start, end, count) values('defaultNew','nf',2,'countryrange','region_int16',null,null,null,null,null,null,null);



insert into regionconfig(profileid, country, shards, type, region, datatype, resourcefieldkey, value, secondaryresourcekey, start, end, count) values('defaultNew','pe',6,'companynamerange','region','gdmi','businessName','1',null,'a','z',null);
#insert into regionconfig(profileid, country, shards, type, region, datatype, resourcefieldkey, value, secondaryresourcekey, start, end, count) values('defaultNew','pe',1,'companynamerange','region1','gdmi','businessName','1',null,'a','i',null);
#insert into regionconfig(profileid, country, shards, type, region, datatype, resourcefieldkey, value, secondaryresourcekey, start, end, count) values('defaultNew','pe',1,'companynamerange','region2','gdmi','businessName','2',null,'j','z',null);

insert into regionconfig(profileid, country, shards, type, region, datatype, resourcefieldkey, value, secondaryresourcekey, start, end, count) values('defaultNew','ca',6,'companynamerange','region','gdmi','businessName','1',null,'a','z',null);
#insert into regionconfig(profileid, country, shards, type, region, datatype, resourcefieldkey, value, secondaryresourcekey, start, end, count) values('defaultNew','ca',1,'companynamerange','region1','gdmi','businessName','1',null,'a','h',null);
#insert into regionconfig(profileid, country, shards, type, region, datatype, resourcefieldkey, value, secondaryresourcekey, start, end, count) values('defaultNew','ca',1,'companynamerange','region2','gdmi','businessName','2',null,'i','s',null);
#insert into regionconfig(profileid, country, shards, type, region, datatype, resourcefieldkey, value, secondaryresourcekey, start, end, count) values('defaultNew','ca',1,'companynamerange','region3','gdmi','businessName','3',null,'t','z',null);

insert into regionconfig(profileid, country, shards, type, region, datatype, resourcefieldkey, value, secondaryresourcekey, start, end, count) values('defaultNew','fr',25,'companynamerange','region','gdmi','businessName','1',null,'a','z',null);
#insert into regionconfig(profileid, country, shards, type, region, datatype, resourcefieldkey, value, secondaryresourcekey, start, end, count) values('defaultNew','fr',1,'companynamerange','region1','gdmi','businessName','1',null,'a','a',null);
#insert into regionconfig(profileid, country, shards, type, region, datatype, resourcefieldkey, value, secondaryresourcekey, start, end, count) values('defaultNew','fr',1,'companynamerange','region2','gdmi','businessName','2',null,'b','b',null);
#insert into regionconfig(profileid, country, shards, type, region, datatype, resourcefieldkey, value, secondaryresourcekey, start, end, count) values('defaultNew','fr',1,'companynamerange','region3','gdmi','businessName','3',null,'c','f',null);
#insert into regionconfig(profileid, country, shards, type, region, datatype, resourcefieldkey, value, secondaryresourcekey, start, end, count) values('defaultNew','fr',1,'companynamerange','region4','gdmi','businessName','4',null,'g','j',null);
#insert into regionconfig(profileid, country, shards, type, region, datatype, resourcefieldkey, value, secondaryresourcekey, start, end, count) values('defaultNew','fr',1,'companynamerange','region5','gdmi','businessName','5',null,'k','l',null);
#insert into regionconfig(profileid, country, shards, type, region, datatype, resourcefieldkey, value, secondaryresourcekey, start, end, count) values('defaultNew','fr',1,'companynamerange','region6','gdmi','businessName','6',null,'m','r',null);
#insert into regionconfig(profileid, country, shards, type, region, datatype, resourcefieldkey, value, secondaryresourcekey, start, end, count) values('defaultNew','fr',1,'companynamerange','region7','gdmi','businessName','7',null,'s','t',null);
#insert into regionconfig(profileid, country, shards, type, region, datatype, resourcefieldkey, value, secondaryresourcekey, start, end, count) values('defaultNew','fr',1,'companynamerange','region8','gdmi','businessName','8',null,'u','z',null);

insert into regionconfig(profileid, country, shards, type, region, datatype, resourcefieldkey, value, secondaryresourcekey, start, end, count) values('defaultNew','uk',25,'companynamerange','region','gdmi','businessName','1',null,'a','z',null);
#insert into regionconfig(profileid, country, shards, type, region, datatype, resourcefieldkey, value, secondaryresourcekey, start, end, count) values('defaultNew','uk',1,'companynamerange','region1','gdmi','businessName','1',null,'a','c',null);
#insert into regionconfig(profileid, country, shards, type, region, datatype, resourcefieldkey, value, secondaryresourcekey, start, end, count) values('defaultNew','uk',1,'companynamerange','region2','gdmi','businessName','2',null,'d','f',null);
#insert into regionconfig(profileid, country, shards, type, region, datatype, resourcefieldkey, value, secondaryresourcekey, start, end, count) values('defaultNew','uk',1,'companynamerange','region3','gdmi','businessName','3',null,'g','j',null);
#insert into regionconfig(profileid, country, shards, type, region, datatype, resourcefieldkey, value, secondaryresourcekey, start, end, count) values('defaultNew','uk',1,'companynamerange','region4','gdmi','businessName','4',null,'k','m',null);
#insert into regionconfig(profileid, country, shards, type, region, datatype, resourcefieldkey, value, secondaryresourcekey, start, end, count) values('defaultNew','uk',1,'companynamerange','region5','gdmi','businessName','5',null,'n','q',null);
#insert into regionconfig(profileid, country, shards, type, region, datatype, resourcefieldkey, value, secondaryresourcekey, start, end, count) values('defaultNew','uk',1,'companynamerange','region6','gdmi','businessName','6',null,'r','t',null);
#insert into regionconfig(profileid, country, shards, type, region, datatype, resourcefieldkey, value, secondaryresourcekey, start, end, count) values('defaultNew','uk',1,'companynamerange','region7','gdmi','businessName','7',null,'u','z',null);

insert into regionconfig(profileid, country, shards, type, region, datatype, resourcefieldkey, value, secondaryresourcekey, start, end, count) values('defaultNew','ch',25,'companynamerange','region','gdmi','businessName','1',null,'a','z',null);
#insert into regionconfig(profileid, country, shards, type, region, datatype, resourcefieldkey, value, secondaryresourcekey, start, end, count) values('defaultNew','ch',1,'companynamerange','region1','gdmi','businessName','1',null,'a','e',null);
#insert into regionconfig(profileid, country, shards, type, region, datatype, resourcefieldkey, value, secondaryresourcekey, start, end, count) values('defaultNew','ch',1,'companynamerange','region2','gdmi','businessName','2',null,'f','j',null);
#insert into regionconfig(profileid, country, shards, type, region, datatype, resourcefieldkey, value, secondaryresourcekey, start, end, count) values('defaultNew','ch',1,'companynamerange','region3','gdmi','businessName','3',null,'k','q',null);
#insert into regionconfig(profileid, country, shards, type, region, datatype, resourcefieldkey, value, secondaryresourcekey, start, end, count) values('defaultNew','ch',1,'companynamerange','region4','gdmi','businessName','4',null,'r','t',null);
#insert into regionconfig(profileid, country, shards, type, region, datatype, resourcefieldkey, value, secondaryresourcekey, start, end, count) values('defaultNew','ch',1,'companynamerange','region5','gdmi','businessName','5',null,'u','z',null);

insert into regionconfig(profileid, country, shards, type, region, datatype, resourcefieldkey, value, secondaryresourcekey, start, end, count) values('defaultNew','in',18,'companynamerange','region','gdmi','businessName','1',null,'a','z',null);
#insert into regionconfig(profileid, country, shards, type, region, datatype, resourcefieldkey, value, secondaryresourcekey, start, end, count) values('defaultNew','in',1,'companynamerange','region1','gdmi','businessName','1',null,'a','d',null);
#insert into regionconfig(profileid, country, shards, type, region, datatype, resourcefieldkey, value, secondaryresourcekey, start, end, count) values('defaultNew','in',1,'companynamerange','region2','gdmi','businessName','2',null,'e','k',null);
#insert into regionconfig(profileid, country, shards, type, region, datatype, resourcefieldkey, value, secondaryresourcekey, start, end, count) values('defaultNew','in',1,'companynamerange','region3','gdmi','businessName','3',null,'l','n',null);
#insert into regionconfig(profileid, country, shards, type, region, datatype, resourcefieldkey, value, secondaryresourcekey, start, end, count) values('defaultNew','in',1,'companynamerange','region4','gdmi','businessName','4',null,'o','s',null);
#insert into regionconfig(profileid, country, shards, type, region, datatype, resourcefieldkey, value, secondaryresourcekey, start, end, count) values('defaultNew','in',1,'companynamerange','region5','gdmi','businessName','5',null,'t','t',null);
#insert into regionconfig(profileid, country, shards, type, region, datatype, resourcefieldkey, value, secondaryresourcekey, start, end, count) values('defaultNew','in',1,'companynamerange','region6','gdmi','businessName','6',null,'u','z',null);

insert into regionconfig(profileid, country, shards, type, region, datatype, resourcefieldkey, value, secondaryresourcekey, start, end, count) values('defaultNew','it',18,'companynamerange','region','gdmi','businessName','1',null,'a','z',null);
#insert into regionconfig(profileid, country, shards, type, region, datatype, resourcefieldkey, value, secondaryresourcekey, start, end, count) values('defaultNew','it',1,'companynamerange','region1','gdmi','businessName','1',null,'a','c',null);
#insert into regionconfig(profileid, country, shards, type, region, datatype, resourcefieldkey, value, secondaryresourcekey, start, end, count) values('defaultNew','it',1,'companynamerange','region2','gdmi','businessName','2',null,'d','f',null);
#insert into regionconfig(profileid, country, shards, type, region, datatype, resourcefieldkey, value, secondaryresourcekey, start, end, count) values('defaultNew','it',1,'companynamerange','region3','gdmi','businessName','3',null,'g','l',null);
#insert into regionconfig(profileid, country, shards, type, region, datatype, resourcefieldkey, value, secondaryresourcekey, start, end, count) values('defaultNew','it',1,'companynamerange','region4','gdmi','businessName','4',null,'m','o',null);
#insert into regionconfig(profileid, country, shards, type, region, datatype, resourcefieldkey, value, secondaryresourcekey, start, end, count) values('defaultNew','it',1,'companynamerange','region5','gdmi','businessName','5',null,'p','s',null);
#insert into regionconfig(profileid, country, shards, type, region, datatype, resourcefieldkey, value, secondaryresourcekey, start, end, count) values('defaultNew','it',1,'companynamerange','region6','gdmi','businessName','6',null,'t','z',null);

insert into regionconfig(profileid, country, shards, type, region, datatype, resourcefieldkey, value, secondaryresourcekey, start, end, count) values('defaultNew','br',28,'companynamerange','region','gdmi','businessName','1',null,'a','z',null);
#insert into regionconfig(profileid, country, shards, type, region, datatype, resourcefieldkey, value, secondaryresourcekey, start, end, count) values('defaultNew','br',1,'companynamerange','region1','gdmi','businessName','1',null,'a','c',null);
#insert into regionconfig(profileid, country, shards, type, region, datatype, resourcefieldkey, value, secondaryresourcekey, start, end, count) values('defaultNew','br',1,'companynamerange','region2','gdmi','businessName','2',null,'d','f',null);
#insert into regionconfig(profileid, country, shards, type, region, datatype, resourcefieldkey, value, secondaryresourcekey, start, end, count) values('defaultNew','br',1,'companynamerange','region3','gdmi','businessName','3',null,'g','k',null);
#insert into regionconfig(profileid, country, shards, type, region, datatype, resourcefieldkey, value, secondaryresourcekey, start, end, count) values('defaultNew','br',1,'companynamerange','region4','gdmi','businessName','4',null,'l','q',null);
#insert into regionconfig(profileid, country, shards, type, region, datatype, resourcefieldkey, value, secondaryresourcekey, start, end, count) values('defaultNew','br',1,'companynamerange','region5','gdmi','businessName','5',null,'r','z',null);

insert into regionconfig(profileid, country, shards, type, region, datatype, resourcefieldkey, value, secondaryresourcekey, start, end, count) values('defaultNew','rs',15,'companynamerange','region','gdmi','businessName','1',null,'a','z',null);
#insert into regionconfig(profileid, country, shards, type, region, datatype, resourcefieldkey, value, secondaryresourcekey, start, end, count) values('defaultNew','rs',1,'companynamerange','region1','gdmi','businessName','1',null,'a','d',null);
#insert into regionconfig(profileid, country, shards, type, region, datatype, resourcefieldkey, value, secondaryresourcekey, start, end, count) values('defaultNew','rs',1,'companynamerange','region2','gdmi','businessName','2',null,'e','k',null);
#insert into regionconfig(profileid, country, shards, type, region, datatype, resourcefieldkey, value, secondaryresourcekey, start, end, count) values('defaultNew','rs',1,'companynamerange','region3','gdmi','businessName','3',null,'l','n',null);
#insert into regionconfig(profileid, country, shards, type, region, datatype, resourcefieldkey, value, secondaryresourcekey, start, end, count) values('defaultNew','rs',1,'companynamerange','region4','gdmi','businessName','4',null,'o','s',null);
#insert into regionconfig(profileid, country, shards, type, region, datatype, resourcefieldkey, value, secondaryresourcekey, start, end, count) values('defaultNew','rs',1,'companynamerange','region5','gdmi','businessName','5',null,'t','z',null);

insert into regionconfig(profileid, country, shards, type, region, datatype, resourcefieldkey, value, secondaryresourcekey, start, end, count) values('defaultNew','gm',15,'companynamerange','region','gdmi','businessName','1',null,'a','z',null);
#insert into regionconfig(profileid, country, shards, type, region, datatype, resourcefieldkey, value, secondaryresourcekey, start, end, count) values('defaultNew','gm',1,'companynamerange','region1','gdmi','businessName','1',null,'a','d',null);
#insert into regionconfig(profileid, country, shards, type, region, datatype, resourcefieldkey, value, secondaryresourcekey, start, end, count) values('defaultNew','gm',1,'companynamerange','region2','gdmi','businessName','2',null,'e','h',null);
#insert into regionconfig(profileid, country, shards, type, region, datatype, resourcefieldkey, value, secondaryresourcekey, start, end, count) values('defaultNew','gm',1,'companynamerange','region3','gdmi','businessName','3',null,'i','n',null);
#insert into regionconfig(profileid, country, shards, type, region, datatype, resourcefieldkey, value, secondaryresourcekey, start, end, count) values('defaultNew','gm',1,'companynamerange','region4','gdmi','businessName','4',null,'o','z',null);

insert into regionconfig(profileid, country, shards, type, region, datatype, resourcefieldkey, value, secondaryresourcekey, start, end, count) values('defaultNew','pl',9,'companynamerange','region','gdmi','businessName','1',null,'a','z',null);
#insert into regionconfig(profileid, country, shards, type, region, datatype, resourcefieldkey, value, secondaryresourcekey, start, end, count) values('defaultNew','pl',1,'companynamerange','region1','gdmi','businessName','1',null,'a','d',null);
#insert into regionconfig(profileid, country, shards, type, region, datatype, resourcefieldkey, value, secondaryresourcekey, start, end, count) values('defaultNew','pl',1,'companynamerange','region2','gdmi','businessName','2',null,'e','k',null);
#insert into regionconfig(profileid, country, shards, type, region, datatype, resourcefieldkey, value, secondaryresourcekey, start, end, count) values('defaultNew','pl',1,'companynamerange','region3','gdmi','businessName','3',null,'l','o',null);
#insert into regionconfig(profileid, country, shards, type, region, datatype, resourcefieldkey, value, secondaryresourcekey, start, end, count) values('defaultNew','pl',1,'companynamerange','region4','gdmi','businessName','4',null,'p','z',null);

insert into regionconfig(profileid, country, shards, type, region, datatype, resourcefieldkey, value, secondaryresourcekey, start, end, count) values('defaultNew','sp',8,'companynamerange','region','gdmi','businessName','1',null,'a','z',null);
#insert into regionconfig(profileid, country, shards, type, region, datatype, resourcefieldkey, value, secondaryresourcekey, start, end, count) values('defaultNew','sp',1,'companynamerange','region1','gdmi','businessName','1',null,'a','l',null);
#insert into regionconfig(profileid, country, shards, type, region, datatype, resourcefieldkey, value, secondaryresourcekey, start, end, count) values('defaultNew','sp',1,'companynamerange','region2','gdmi','businessName','2',null,'m','p',null);
#insert into regionconfig(profileid, country, shards, type, region, datatype, resourcefieldkey, value, secondaryresourcekey, start, end, count) values('defaultNew','sp',1,'companynamerange','region3','gdmi','businessName','3',null,'q','z',null);

insert into regionconfig(profileid, country, shards, type, region, datatype, resourcefieldkey, value, secondaryresourcekey, start, end, count) values('defaultNew','ja',7,'companynamerange','region','gdmi','businessName','1',null,'a','z',null);
#insert into regionconfig(profileid, country, shards, type, region, datatype, resourcefieldkey, value, secondaryresourcekey, start, end, count) values('defaultNew','ja',1,'companynamerange','region1','gdmi','businessName','1',null,'a','k',null);
#insert into regionconfig(profileid, country, shards, type, region, datatype, resourcefieldkey, value, secondaryresourcekey, start, end, count) values('defaultNew','ja',1,'companynamerange','region2','gdmi','businessName','2',null,'l','p',null);
#insert into regionconfig(profileid, country, shards, type, region, datatype, resourcefieldkey, value, secondaryresourcekey, start, end, count) values('defaultNew','ja',1,'companynamerange','region3','gdmi','businessName','3',null,'q','z',null);

insert into regionconfig(profileid, country, shards, type, region, datatype, resourcefieldkey, value, secondaryresourcekey, start, end, count) values('defaultNew','as',7,'companynamerange','region','gdmi','businessName','1',null,'a','z',null);
#insert into regionconfig(profileid, country, shards, type, region, datatype, resourcefieldkey, value, secondaryresourcekey, start, end, count) values('defaultNew','as',1,'companynamerange','region1','gdmi','businessName','1',null,'a','k',null);
#insert into regionconfig(profileid, country, shards, type, region, datatype, resourcefieldkey, value, secondaryresourcekey, start, end, count) values('defaultNew','as',1,'companynamerange','region2','gdmi','businessName','2',null,'l','q',null);
#insert into regionconfig(profileid, country, shards, type, region, datatype, resourcefieldkey, value, secondaryresourcekey, start, end, count) values('defaultNew','as',1,'companynamerange','region3','gdmi','businessName','3',null,'r','z',null);

insert into regionconfig(profileid, country, shards, type, region, datatype, resourcefieldkey, value, secondaryresourcekey, start, end, count) values('defaultNew','nl',8,'companynamerange','region','gdmi','businessName','1',null,'a','z',null);
#insert into regionconfig(profileid, country, shards, type, region, datatype, resourcefieldkey, value, secondaryresourcekey, start, end, count) values('defaultNew','nl',1,'companynamerange','region1','gdmi','businessName','1',null,'a','k',null);
#insert into regionconfig(profileid, country, shards, type, region, datatype, resourcefieldkey, value, secondaryresourcekey, start, end, count) values('defaultNew','nl',1,'companynamerange','region2','gdmi','businessName','2',null,'l','z',null);

insert into regionconfig(profileid, country, shards, type, region, datatype, resourcefieldkey, value, secondaryresourcekey, start, end, count) values('defaultNew','us',3,'statevalue','region2','gdmi','stateAbbreviation','nj',null,null,null,null);
insert into regionconfig(profileid, country, shards, type, region, datatype, resourcefieldkey, value, secondaryresourcekey, start, end, count) values('defaultNew','us',4,'statevalue','region3','gdmi','stateAbbreviation','ak',null,null,null,null);
insert into regionconfig(profileid, country, shards, type, region, datatype, resourcefieldkey, value, secondaryresourcekey, start, end, count) values('defaultNew','us',4,'statevalue','region3','gdmi','stateAbbreviation','vi',null,null,null,null);
insert into regionconfig(profileid, country, shards, type, region, datatype, resourcefieldkey, value, secondaryresourcekey, start, end, count) values('defaultNew','us',4,'statevalue','region3','gdmi','stateAbbreviation','ma',null,null,null,null);
insert into regionconfig(profileid, country, shards, type, region, datatype, resourcefieldkey, value, secondaryresourcekey, start, end, count) values('defaultNew','us',4,'statevalue','region3','gdmi','stateAbbreviation','gu',null,null,null,null);
insert into regionconfig(profileid, country, shards, type, region, datatype, resourcefieldkey, value, secondaryresourcekey, start, end, count) values('defaultNew','us',4,'statevalue','region5','gdmi','stateAbbreviation','va',null,null,null,null);
insert into regionconfig(profileid, country, shards, type, region, datatype, resourcefieldkey, value, secondaryresourcekey, start, end, count) values('defaultNew','us',4,'statevalue','region5','gdmi','stateAbbreviation','mp',null,null,null,null);
insert into regionconfig(profileid, country, shards, type, region, datatype, resourcefieldkey, value, secondaryresourcekey, start, end, count) values('defaultNew','us',4,'statevalue','region5','gdmi','stateAbbreviation','as',null,null,null,null);

insert into regionconfig(profileid, country, shards, type, region, datatype, resourcefieldkey, value, secondaryresourcekey, start, end, count) values('defaultNew','us',4,'statevalue','region','gdmi','stateAbbreviation','pa','city','a','z',1);
#insert into regionconfig(profileid, country, shards, type, region, datatype, resourcefieldkey, value, secondaryresourcekey, start, end, count) values('defaultNew','us',1,'statevalue','region1','gdmi','stateAbbreviation','pa','city','a','d',1);
#insert into regionconfig(profileid, country, shards, type, region, datatype, resourcefieldkey, value, secondaryresourcekey, start, end, count) values('defaultNew','us',1,'statevalue','region2','gdmi','stateAbbreviation','pa','city','e','i',2);
#insert into regionconfig(profileid, country, shards, type, region, datatype, resourcefieldkey, value, secondaryresourcekey, start, end, count) values('defaultNew','us',1,'statevalue','region3','gdmi','stateAbbreviation','pa','city','j','z',3);

insert into regionconfig(profileid, country, shards, type, region, datatype, resourcefieldkey, value, secondaryresourcekey, start, end, count) values('defaultNew','us',12,'statevalue','region','gdmi','stateAbbreviation','fl','city','a','z',1);
#insert into regionconfig(profileid, country, shards, type, region, datatype, resourcefieldkey, value, secondaryresourcekey, start, end, count) values('defaultNew','us',1,'statevalue','region1','gdmi','stateAbbreviation','fl','city','a','d',1);
#insert into regionconfig(profileid, country, shards, type, region, datatype, resourcefieldkey, value, secondaryresourcekey, start, end, count) values('defaultNew','us',1,'statevalue','region2','gdmi','stateAbbreviation','fl','city','e','i',2);
#insert into regionconfig(profileid, country, shards, type, region, datatype, resourcefieldkey, value, secondaryresourcekey, start, end, count) values('defaultNew','us',1,'statevalue','region3','gdmi','stateAbbreviation','fl','city','j','n',3);
#insert into regionconfig(profileid, country, shards, type, region, datatype, resourcefieldkey, value, secondaryresourcekey, start, end, count) values('defaultNew','us',1,'statevalue','region4','gdmi','stateAbbreviation','fl','city','o','r',4);
#insert into regionconfig(profileid, country, shards, type, region, datatype, resourcefieldkey, value, secondaryresourcekey, start, end, count) values('defaultNew','us',1,'statevalue','region5','gdmi','stateAbbreviation','fl','city','s','z',5);

insert into regionconfig(profileid, country, shards, type, region, datatype, resourcefieldkey, value, secondaryresourcekey, start, end, count) values('defaultNew','us',5,'statevalue','region6','gdmi','stateAbbreviation','mi',null,null,null,null);
insert into regionconfig(profileid, country, shards, type, region, datatype, resourcefieldkey, value, secondaryresourcekey, start, end, count) values('defaultNew','us',3,'statevalue','region7','gdmi','stateAbbreviation','wi',null,null,null,null);
insert into regionconfig(profileid, country, shards, type, region, datatype, resourcefieldkey, value, secondaryresourcekey, start, end, count) values('defaultNew','us',3,'statevalue','region7','gdmi','stateAbbreviation','ky',null,null,null,null);
insert into regionconfig(profileid, country, shards, type, region, datatype, resourcefieldkey, value, secondaryresourcekey, start, end, count) values('defaultNew','us',3,'statevalue','region8','gdmi','stateAbbreviation','ok',null,null,null,null);
insert into regionconfig(profileid, country, shards, type, region, datatype, resourcefieldkey, value, secondaryresourcekey, start, end, count) values('defaultNew','us',3,'statevalue','region8','gdmi','stateAbbreviation','ct',null,null,null,null);
insert into regionconfig(profileid, country, shards, type, region, datatype, resourcefieldkey, value, secondaryresourcekey, start, end, count) values('defaultNew','us',2,'statevalue','region10','gdmi','stateAbbreviation','al',null,null,null,null);
insert into regionconfig(profileid, country, shards, type, region, datatype, resourcefieldkey, value, secondaryresourcekey, start, end, count) values('defaultNew','us',2,'statevalue','region11','gdmi','stateAbbreviation','ia',null,null,null,null);
insert into regionconfig(profileid, country, shards, type, region, datatype, resourcefieldkey, value, secondaryresourcekey, start, end, count) values('defaultNew','us',2,'statevalue','region11','gdmi','stateAbbreviation','sd',null,null,null,null);
insert into regionconfig(profileid, country, shards, type, region, datatype, resourcefieldkey, value, secondaryresourcekey, start, end, count) values('defaultNew','us',2,'statevalue','region12','gdmi','stateAbbreviation','wv',null,null,null,null);
insert into regionconfig(profileid, country, shards, type, region, datatype, resourcefieldkey, value, secondaryresourcekey, start, end, count) values('defaultNew','us',2,'statevalue','region12','gdmi','stateAbbreviation','ri',null,null,null,null);
insert into regionconfig(profileid, country, shards, type, region, datatype, resourcefieldkey, value, secondaryresourcekey, start, end, count) values('defaultNew','us',2,'statevalue','region12','gdmi','stateAbbreviation','pr',null,null,null,null);
insert into regionconfig(profileid, country, shards, type, region, datatype, resourcefieldkey, value, secondaryresourcekey, start, end, count) values('defaultNew','us',2,'statevalue','region12','gdmi','stateAbbreviation','nm',null,null,null,null);
insert into regionconfig(profileid, country, shards, type, region, datatype, resourcefieldkey, value, secondaryresourcekey, start, end, count) values('defaultNew','us',3,'statevalue','region13','gdmi','stateAbbreviation','oh',null,null,null,null);
insert into regionconfig(profileid, country, shards, type, region, datatype, resourcefieldkey, value, secondaryresourcekey, start, end, count) values('defaultNew','us',3,'statevalue','region14','gdmi','stateAbbreviation','ut',null,null,null,null);
insert into regionconfig(profileid, country, shards, type, region, datatype, resourcefieldkey, value, secondaryresourcekey, start, end, count) values('defaultNew','us',3,'statevalue','region14','gdmi','stateAbbreviation','nv',null,null,null,null);
insert into regionconfig(profileid, country, shards, type, region, datatype, resourcefieldkey, value, secondaryresourcekey, start, end, count) values('defaultNew','us',1,'statevalue','region15','gdmi','stateAbbreviation','id',null,null,null,null);
insert into regionconfig(profileid, country, shards, type, region, datatype, resourcefieldkey, value, secondaryresourcekey, start, end, count) values('defaultNew','us',3,'statevalue','region16','gdmi','stateAbbreviation','mn',null,null,null,null);
insert into regionconfig(profileid, country, shards, type, region, datatype, resourcefieldkey, value, secondaryresourcekey, start, end, count) values('defaultNew','us',3,'statevalue','region17','gdmi','stateAbbreviation','or',null,null,null,null);
insert into regionconfig(profileid, country, shards, type, region, datatype, resourcefieldkey, value, secondaryresourcekey, start, end, count) values('defaultNew','us',3,'statevalue','region17','gdmi','stateAbbreviation','me',null,null,null,null);
insert into regionconfig(profileid, country, shards, type, region, datatype, resourcefieldkey, value, secondaryresourcekey, start, end, count) values('defaultNew','us',3,'statevalue','region17','gdmi','stateAbbreviation','wy',null,null,null,null);
insert into regionconfig(profileid, country, shards, type, region, datatype, resourcefieldkey, value, secondaryresourcekey, start, end, count) values('defaultNew','us',3,'statevalue','region18','gdmi','stateAbbreviation','md',null,null,null,null);
insert into regionconfig(profileid, country, shards, type, region, datatype, resourcefieldkey, value, secondaryresourcekey, start, end, count) values('defaultNew','us',3,'statevalue','region19','gdmi','stateAbbreviation','hi',null,null,null,null);
insert into regionconfig(profileid, country, shards, type, region, datatype, resourcefieldkey, value, secondaryresourcekey, start, end, count) values('defaultNew','us',3,'statevalue','region19','gdmi','stateAbbreviation','wa',null,null,null,null);
insert into regionconfig(profileid, country, shards, type, region, datatype, resourcefieldkey, value, secondaryresourcekey, start, end, count) values('defaultNew','us',3,'statevalue','region20','gdmi','stateAbbreviation','az',null,null,null,null);
insert into regionconfig(profileid, country, shards, type, region, datatype, resourcefieldkey, value, secondaryresourcekey, start, end, count) values('defaultNew','us',3,'statevalue','region20','gdmi','stateAbbreviation','ar',null,null,null,null);
insert into regionconfig(profileid, country, shards, type, region, datatype, resourcefieldkey, value, secondaryresourcekey, start, end, count) values('defaultNew','us',4,'statevalue','region21','gdmi','stateAbbreviation','tn',null,null,null,null);
insert into regionconfig(profileid, country, shards, type, region, datatype, resourcefieldkey, value, secondaryresourcekey, start, end, count) values('defaultNew','us',4,'statevalue','region21','gdmi','stateAbbreviation','ms',null,null,null,null);
insert into regionconfig(profileid, country, shards, type, region, datatype, resourcefieldkey, value, secondaryresourcekey, start, end, count) values('defaultNew','us',5,'statevalue','region22','gdmi','stateAbbreviation','in',null,null,null,null);
insert into regionconfig(profileid, country, shards, type, region, datatype, resourcefieldkey, value, secondaryresourcekey, start, end, count) values('defaultNew','us',5,'statevalue','region22','gdmi','stateAbbreviation','ks',null,null,null,null);

insert into regionconfig(profileid, country, shards, type, region, datatype, resourcefieldkey, value, secondaryresourcekey, start, end, count) values('defaultNew','us',9,'statevalue','region','gdmi','stateAbbreviation','ny','city','a','z',1);
#insert into regionconfig(profileid, country, shards, type, region, datatype, resourcefieldkey, value, secondaryresourcekey, start, end, count) values('defaultNew','us',1,'statevalue','region1','gdmi','stateAbbreviation','ny','city','a','e',1);
#insert into regionconfig(profileid, country, shards, type, region, datatype, resourcefieldkey, value, secondaryresourcekey, start, end, count) values('defaultNew','us',1,'statevalue','region2','gdmi','stateAbbreviation','ny','city','f','n',2);
#insert into regionconfig(profileid, country, shards, type, region, datatype, resourcefieldkey, value, secondaryresourcekey, start, end, count) values('defaultNew','us',1,'statevalue','region3','gdmi','stateAbbreviation','ny','city','o','z',3);

insert into regionconfig(profileid, country, shards, type, region, datatype, resourcefieldkey, value, secondaryresourcekey, start, end, count) values('defaultNew','us',6,'statevalue','region24','gdmi','stateAbbreviation','il',null,null,null,null);
insert into regionconfig(profileid, country, shards, type, region, datatype, resourcefieldkey, value, secondaryresourcekey, start, end, count) values('defaultNew','us',4,'statevalue','region25','gdmi','stateAbbreviation','sc',null,null,null,null);
insert into regionconfig(profileid, country, shards, type, region, datatype, resourcefieldkey, value, secondaryresourcekey, start, end, count) values('defaultNew','us',4,'statevalue','region25','gdmi','stateAbbreviation','ne',null,null,null,null);
insert into regionconfig(profileid, country, shards, type, region, datatype, resourcefieldkey, value, secondaryresourcekey, start, end, count) values('defaultNew','us',4,'statevalue','region26','gdmi','stateAbbreviation','de',null,null,null,null);

insert into regionconfig(profileid, country, shards, type, region, datatype, resourcefieldkey, value, secondaryresourcekey, start, end, count) values('defaultNew','us',6,'statevalue','region','gdmi','stateAbbreviation','ga','city','a','z',1);
#insert into regionconfig(profileid, country, shards, type, region, datatype, resourcefieldkey, value, secondaryresourcekey, start, end, count) values('defaultNew','us',1,'statevalue','region1','gdmi','stateAbbreviation','ga','city','a','d',1);
#insert into regionconfig(profileid, country, shards, type, region, datatype, resourcefieldkey, value, secondaryresourcekey, start, end, count) values('defaultNew','us',1,'statevalue','region2','gdmi','stateAbbreviation','ga','city','e','n',2);
#insert into regionconfig(profileid, country, shards, type, region, datatype, resourcefieldkey, value, secondaryresourcekey, start, end, count) values('defaultNew','us',1,'statevalue','region3','gdmi','stateAbbreviation','ga','city','o','z',3);

insert into regionconfig(profileid, country, shards, type, region, datatype, resourcefieldkey, value, secondaryresourcekey, start, end, count) values('defaultNew','us',4,'statevalue','region26','gdmi','stateAbbreviation','mo',null,null,null,null);
insert into regionconfig(profileid, country, shards, type, region, datatype, resourcefieldkey, value, secondaryresourcekey, start, end, count) values('defaultNew','us',4,'statevalue','region26','gdmi','stateAbbreviation','dc',null,null,null,null);

insert into regionconfig(profileid, country, shards, type, region, datatype, resourcefieldkey, value, secondaryresourcekey, start, end, count) values('defaultNew','us',16,'statevalue','region','gdmi','stateAbbreviation','tx','city','a','z',1);
#insert into regionconfig(profileid, country, shards, type, region, datatype, resourcefieldkey, value, secondaryresourcekey, start, end, count) values('defaultNew','us',1,'statevalue','region1','gdmi','stateAbbreviation','tx','city','a','c',1);
#insert into regionconfig(profileid, country, shards, type, region, datatype, resourcefieldkey, value, secondaryresourcekey, start, end, count) values('defaultNew','us',1,'statevalue','region2','gdmi','stateAbbreviation','tx','city','d','i',2);
#insert into regionconfig(profileid, country, shards, type, region, datatype, resourcefieldkey, value, secondaryresourcekey, start, end, count) values('defaultNew','us',1,'statevalue','region3','gdmi','stateAbbreviation','tx','city','j','n',3);
#insert into regionconfig(profileid, country, shards, type, region, datatype, resourcefieldkey, value, secondaryresourcekey, start, end, count) values('defaultNew','us',1,'statevalue','region4','gdmi','stateAbbreviation','tx','city','o','z',4);

insert into regionconfig(profileid, country, shards, type, region, datatype, resourcefieldkey, value, secondaryresourcekey, start, end, count) values('defaultNew','us',4,'statevalue','region28','gdmi','stateAbbreviation','nd',null,null,null,null);
insert into regionconfig(profileid, country, shards, type, region, datatype, resourcefieldkey, value, secondaryresourcekey, start, end, count) values('defaultNew','us',4,'statevalue','region28','gdmi','stateAbbreviation','la',null,null,null,null);
insert into regionconfig(profileid, country, shards, type, region, datatype, resourcefieldkey, value, secondaryresourcekey, start, end, count) values('defaultNew','us',6,'statevalue','region29','gdmi','stateAbbreviation','nc',null,null,null,null);
insert into regionconfig(profileid, country, shards, type, region, datatype, resourcefieldkey, value, secondaryresourcekey, start, end, count) values('defaultNew','us',4,'statevalue','region30','gdmi','stateAbbreviation','co',null,null,null,null);
insert into regionconfig(profileid, country, shards, type, region, datatype, resourcefieldkey, value, secondaryresourcekey, start, end, count) values('defaultNew','us',2,'statevalue','region32','gdmi','stateAbbreviation','nh',null,null,null,null);
insert into regionconfig(profileid, country, shards, type, region, datatype, resourcefieldkey, value, secondaryresourcekey, start, end, count) values('defaultNew','us',2,'statevalue','region32','gdmi','stateAbbreviation','mt',null,null,null,null);
insert into regionconfig(profileid, country, shards, type, region, datatype, resourcefieldkey, value, secondaryresourcekey, start, end, count) values('defaultNew','us',2,'statevalue','region32','gdmi','stateAbbreviation','vt',null,null,null,null);

insert into regionconfig(profileid, country, shards, type, region, datatype, resourcefieldkey, value, secondaryresourcekey, start, end, count) values('defaultNew','us',20,'statevalue','region','gdmi','stateAbbreviation','ca','city','a','z',1);
#insert into regionconfig(profileid, country, shards, type, region, datatype, resourcefieldkey, value, secondaryresourcekey, start, end, count) values('defaultNew','us',1,'statevalue','region1','gdmi','stateAbbreviation','ca','city','a','d',1);
#insert into regionconfig(profileid, country, shards, type, region, datatype, resourcefieldkey, value, secondaryresourcekey, start, end, count) values('defaultNew','us',1,'statevalue','region2','gdmi','stateAbbreviation','ca','city','e','i',2);
#insert into regionconfig(profileid, country, shards, type, region, datatype, resourcefieldkey, value, secondaryresourcekey, start, end, count) values('defaultNew','us',1,'statevalue','region3','gdmi','stateAbbreviation','ca','city','j','m',3);
#insert into regionconfig(profileid, country, shards, type, region, datatype, resourcefieldkey, value, secondaryresourcekey, start, end, count) values('defaultNew','us',1,'statevalue','region4','gdmi','stateAbbreviation','ca','city','n','p',4);
#insert into regionconfig(profileid, country, shards, type, region, datatype, resourcefieldkey, value, secondaryresourcekey, start, end, count) values('defaultNew','us',1,'statevalue','region5','gdmi','stateAbbreviation','ca','city','q','t',5);
#insert into regionconfig(profileid, country, shards, type, region, datatype, resourcefieldkey, value, secondaryresourcekey, start, end, count) values('defaultNew','us',1,'statevalue','region6','gdmi','stateAbbreviation','ca','city','u','z',6);

insert into regionconfig(profileid, country, shards, type, region, datatype, resourcefieldkey, value, secondaryresourcekey, start, end, count) values('referenceDefault','',1,'default','region_default',null,null,null,null,null,null,null);
*/                  

/*This latest (11/02/218) config almost halves the number of shards and works very well when testing on C5.4xLarge data nodes*/
                                         
#The new default region with more regions per country
insert into regionconfig(profileid, country, shards, type, region, datatype, resourcefieldkey, value, secondaryresourcekey, start, end, count) values('defaultNew','',1,'default','region_default',null,null,null,null,null,null,null);
insert into regionconfig(profileid, country, shards, type, region, datatype, resourcefieldkey, value, secondaryresourcekey, start, end, count) values('defaultNew','',1,'default','region_no_country',null,null,null,null,null,null,null);
insert into regionconfig(profileid, country, shards, type, region, datatype, resourcefieldkey, value, secondaryresourcekey, start, end, count) values('defaultNew','ar',2,'default','region1',null,null,null,null,null,null,null);
insert into regionconfig(profileid, country, shards, type, region, datatype, resourcefieldkey, value, secondaryresourcekey, start, end, count) values('defaultNew','be',2,'default','region1',null,null,null,null,null,null,null);
insert into regionconfig(profileid, country, shards, type, region, datatype, resourcefieldkey, value, secondaryresourcekey, start, end, count) values('defaultNew','ez',2,'default','region1',null,null,null,null,null,null,null);
insert into regionconfig(profileid, country, shards, type, region, datatype, resourcefieldkey, value, secondaryresourcekey, start, end, count) values('defaultNew','ks',2,'default','region1',null,null,null,null,null,null,null);
insert into regionconfig(profileid, country, shards, type, region, datatype, resourcefieldkey, value, secondaryresourcekey, start, end, count) values('defaultNew','co',2,'default','region1',null,null,null,null,null,null,null);
insert into regionconfig(profileid, country, shards, type, region, datatype, resourcefieldkey, value, secondaryresourcekey, start, end, count) values('defaultNew','hk',1,'default','region1',null,null,null,null,null,null,null);

insert into regionconfig(profileid, country, shards, type, region, datatype, resourcefieldkey, value, secondaryresourcekey, start, end, count) values('defaultNew','sw',2,'default','region1',null,null,null,null,null,null,null);
insert into regionconfig(profileid, country, shards, type, region, datatype, resourcefieldkey, value, secondaryresourcekey, start, end, count) values('defaultNew','no',2,'default','region1',null,null,null,null,null,null,null);
insert into regionconfig(profileid, country, shards, type, region, datatype, resourcefieldkey, value, secondaryresourcekey, start, end, count) values('defaultNew','sf',2,'default','region1',null,null,null,null,null,null,null);
insert into regionconfig(profileid, country, shards, type, region, datatype, resourcefieldkey, value, secondaryresourcekey, start, end, count) values('defaultNew','up',1,'default','region1',null,null,null,null,null,null,null);
insert into regionconfig(profileid, country, shards, type, region, datatype, resourcefieldkey, value, secondaryresourcekey, start, end, count) values('defaultNew','po',1,'default','region1',null,null,null,null,null,null,null);
insert into regionconfig(profileid, country, shards, type, region, datatype, resourcefieldkey, value, secondaryresourcekey, start, end, count) values('defaultNew','da',1,'default','region1',null,null,null,null,null,null,null);


insert into regionconfig(profileid, country, shards, type, region, datatype, resourcefieldkey, value, secondaryresourcekey, start, end, count) values('defaultNew','tu',1,'countryrange','region_int1',null,null,null,null,null,null,null);

insert into regionconfig(profileid, country, shards, type, region, datatype, resourcefieldkey, value, secondaryresourcekey, start, end, count) values('defaultNew','mx',1,'countryrange','region_int2',null,null,null,null,null,null,null);

insert into regionconfig(profileid, country, shards, type, region, datatype, resourcefieldkey, value, secondaryresourcekey, start, end, count) values('defaultNew','vm',2,'countryrange','region_int3',null,null,null,null,null,null,null);
insert into regionconfig(profileid, country, shards, type, region, datatype, resourcefieldkey, value, secondaryresourcekey, start, end, count) values('defaultNew','nz',2,'countryrange','region_int3',null,null,null,null,null,null,null);

insert into regionconfig(profileid, country, shards, type, region, datatype, resourcefieldkey, value, secondaryresourcekey, start, end, count) values('defaultNew','sz',1,'countryrange','region_int4',null,null,null,null,null,null,null);

insert into regionconfig(profileid, country, shards, type, region, datatype, resourcefieldkey, value, secondaryresourcekey, start, end, count) values('defaultNew','is',2,'countryrange','region_int5',null,null,null,null,null,null,null);
insert into regionconfig(profileid, country, shards, type, region, datatype, resourcefieldkey, value, secondaryresourcekey, start, end, count) values('defaultNew','ei',2,'countryrange','region_int5',null,null,null,null,null,null,null);
insert into regionconfig(profileid, country, shards, type, region, datatype, resourcefieldkey, value, secondaryresourcekey, start, end, count) values('defaultNew','gr',2,'countryrange','region_int5',null,null,null,null,null,null,null);

insert into regionconfig(profileid, country, shards, type, region, datatype, resourcefieldkey, value, secondaryresourcekey, start, end, count) values('defaultNew','hu',2,'countryrange','region_int6',null,null,null,null,null,null,null);
insert into regionconfig(profileid, country, shards, type, region, datatype, resourcefieldkey, value, secondaryresourcekey, start, end, count) values('defaultNew','au',2,'countryrange','region_int6',null,null,null,null,null,null,null);
insert into regionconfig(profileid, country, shards, type, region, datatype, resourcefieldkey, value, secondaryresourcekey, start, end, count) values('defaultNew','sn',2,'countryrange','region_int6',null,null,null,null,null,null,null);
insert into regionconfig(profileid, country, shards, type, region, datatype, resourcefieldkey, value, secondaryresourcekey, start, end, count) values('defaultNew','tw',2,'countryrange','region_int6',null,null,null,null,null,null,null);

insert into regionconfig(profileid, country, shards, type, region, datatype, resourcefieldkey, value, secondaryresourcekey, start, end, count) values('defaultNew','kz',1,'countryrange','region_int7',null,null,null,null,null,null,null);
insert into regionconfig(profileid, country, shards, type, region, datatype, resourcefieldkey, value, secondaryresourcekey, start, end, count) values('defaultNew','ae',1,'countryrange','region_int7',null,null,null,null,null,null,null);
insert into regionconfig(profileid, country, shards, type, region, datatype, resourcefieldkey, value, secondaryresourcekey, start, end, count) values('defaultNew','bo',1,'countryrange','region_int7',null,null,null,null,null,null,null);

insert into regionconfig(profileid, country, shards, type, region, datatype, resourcefieldkey, value, secondaryresourcekey, start, end, count) values('defaultNew','ci',1,'countryrange','region_int8',null,null,null,null,null,null,null);
insert into regionconfig(profileid, country, shards, type, region, datatype, resourcefieldkey, value, secondaryresourcekey, start, end, count) values('defaultNew','en',1,'countryrange','region_int8',null,null,null,null,null,null,null);
insert into regionconfig(profileid, country, shards, type, region, datatype, resourcefieldkey, value, secondaryresourcekey, start, end, count) values('defaultNew','ke',1,'countryrange','region_int8',null,null,null,null,null,null,null);
insert into regionconfig(profileid, country, shards, type, region, datatype, resourcefieldkey, value, secondaryresourcekey, start, end, count) values('defaultNew','lu',1,'countryrange','region_int8',null,null,null,null,null,null,null);
insert into regionconfig(profileid, country, shards, type, region, datatype, resourcefieldkey, value, secondaryresourcekey, start, end, count) values('defaultNew','id',1,'countryrange','region_int8',null,null,null,null,null,null,null);
insert into regionconfig(profileid, country, shards, type, region, datatype, resourcefieldkey, value, secondaryresourcekey, start, end, count) values('defaultNew','mp',1,'countryrange','region_int8',null,null,null,null,null,null,null);

insert into regionconfig(profileid, country, shards, type, region, datatype, resourcefieldkey, value, secondaryresourcekey, start, end, count) values('defaultNew','my',1,'countryrange','region_int9',null,null,null,null,null,null,null);
insert into regionconfig(profileid, country, shards, type, region, datatype, resourcefieldkey, value, secondaryresourcekey, start, end, count) values('defaultNew','sa',1,'countryrange','region_int9',null,null,null,null,null,null,null);
insert into regionconfig(profileid, country, shards, type, region, datatype, resourcefieldkey, value, secondaryresourcekey, start, end, count) values('defaultNew','dr',1,'countryrange','region_int9',null,null,null,null,null,null,null);
insert into regionconfig(profileid, country, shards, type, region, datatype, resourcefieldkey, value, secondaryresourcekey, start, end, count) values('defaultNew','eg',1,'countryrange','region_int9',null,null,null,null,null,null,null);
insert into regionconfig(profileid, country, shards, type, region, datatype, resourcefieldkey, value, secondaryresourcekey, start, end, count) values('defaultNew','ve',1,'countryrange','region_int9',null,null,null,null,null,null,null);
insert into regionconfig(profileid, country, shards, type, region, datatype, resourcefieldkey, value, secondaryresourcekey, start, end, count) values('defaultNew','mt',1,'countryrange','region_int9',null,null,null,null,null,null,null);
insert into regionconfig(profileid, country, shards, type, region, datatype, resourcefieldkey, value, secondaryresourcekey, start, end, count) values('defaultNew','jo',1,'countryrange','region_int9',null,null,null,null,null,null,null);
insert into regionconfig(profileid, country, shards, type, region, datatype, resourcefieldkey, value, secondaryresourcekey, start, end, count) values('defaultNew','le',1,'countryrange','region_int9',null,null,null,null,null,null,null);
insert into regionconfig(profileid, country, shards, type, region, datatype, resourcefieldkey, value, secondaryresourcekey, start, end, count) values('defaultNew','nu',1,'countryrange','region_int9',null,null,null,null,null,null,null);
insert into regionconfig(profileid, country, shards, type, region, datatype, resourcefieldkey, value, secondaryresourcekey, start, end, count) values('defaultNew','mj',1,'countryrange','region_int9',null,null,null,null,null,null,null);
insert into regionconfig(profileid, country, shards, type, region, datatype, resourcefieldkey, value, secondaryresourcekey, start, end, count) values('defaultNew','ri',1,'countryrange','region_int9',null,null,null,null,null,null,null);
insert into regionconfig(profileid, country, shards, type, region, datatype, resourcefieldkey, value, secondaryresourcekey, start, end, count) values('defaultNew','vi',1,'countryrange','region_int9',null,null,null,null,null,null,null);
insert into regionconfig(profileid, country, shards, type, region, datatype, resourcefieldkey, value, secondaryresourcekey, start, end, count) values('defaultNew','ku',1,'countryrange','region_int9',null,null,null,null,null,null,null);
insert into regionconfig(profileid, country, shards, type, region, datatype, resourcefieldkey, value, secondaryresourcekey, start, end, count) values('defaultNew','bg',1,'countryrange','region_int9',null,null,null,null,null,null,null);
insert into regionconfig(profileid, country, shards, type, region, datatype, resourcefieldkey, value, secondaryresourcekey, start, end, count) values('defaultNew','cj',1,'countryrange','region_int9',null,null,null,null,null,null,null);
insert into regionconfig(profileid, country, shards, type, region, datatype, resourcefieldkey, value, secondaryresourcekey, start, end, count) values('defaultNew','bd',1,'countryrange','region_int9',null,null,null,null,null,null,null);
insert into regionconfig(profileid, country, shards, type, region, datatype, resourcefieldkey, value, secondaryresourcekey, start, end, count) values('defaultNew','ce',1,'countryrange','region_int9',null,null,null,null,null,null,null);
insert into regionconfig(profileid, country, shards, type, region, datatype, resourcefieldkey, value, secondaryresourcekey, start, end, count) values('defaultNew','gt',1,'countryrange','region_int9',null,null,null,null,null,null,null);
insert into regionconfig(profileid, country, shards, type, region, datatype, resourcefieldkey, value, secondaryresourcekey, start, end, count) values('defaultNew','mk',1,'countryrange','region_int9',null,null,null,null,null,null,null);
insert into regionconfig(profileid, country, shards, type, region, datatype, resourcefieldkey, value, secondaryresourcekey, start, end, count) values('defaultNew','bf',1,'countryrange','region_int9',null,null,null,null,null,null,null);
insert into regionconfig(profileid, country, shards, type, region, datatype, resourcefieldkey, value, secondaryresourcekey, start, end, count) values('defaultNew','ug',1,'countryrange','region_int9',null,null,null,null,null,null,null);
insert into regionconfig(profileid, country, shards, type, region, datatype, resourcefieldkey, value, secondaryresourcekey, start, end, count) values('defaultNew','gq',1,'countryrange','region_int9',null,null,null,null,null,null,null);
insert into regionconfig(profileid, country, shards, type, region, datatype, resourcefieldkey, value, secondaryresourcekey, start, end, count) values('defaultNew','bl',1,'countryrange','region_int9',null,null,null,null,null,null,null);
insert into regionconfig(profileid, country, shards, type, region, datatype, resourcefieldkey, value, secondaryresourcekey, start, end, count) values('defaultNew','td',1,'countryrange','region_int9',null,null,null,null,null,null,null);
insert into regionconfig(profileid, country, shards, type, region, datatype, resourcefieldkey, value, secondaryresourcekey, start, end, count) values('defaultNew','ho',1,'countryrange','region_int9',null,null,null,null,null,null,null);
insert into regionconfig(profileid, country, shards, type, region, datatype, resourcefieldkey, value, secondaryresourcekey, start, end, count) values('defaultNew','pp',1,'countryrange','region_int9',null,null,null,null,null,null,null);
insert into regionconfig(profileid, country, shards, type, region, datatype, resourcefieldkey, value, secondaryresourcekey, start, end, count) values('defaultNew','rw',1,'countryrange','region_int9',null,null,null,null,null,null,null);
insert into regionconfig(profileid, country, shards, type, region, datatype, resourcefieldkey, value, secondaryresourcekey, start, end, count) values('defaultNew','cb',1,'countryrange','region_int9',null,null,null,null,null,null,null);
insert into regionconfig(profileid, country, shards, type, region, datatype, resourcefieldkey, value, secondaryresourcekey, start, end, count) values('defaultNew','ha',1,'countryrange','region_int9',null,null,null,null,null,null,null);
insert into regionconfig(profileid, country, shards, type, region, datatype, resourcefieldkey, value, secondaryresourcekey, start, end, count) values('defaultNew','am',1,'countryrange','region_int9',null,null,null,null,null,null,null);
insert into regionconfig(profileid, country, shards, type, region, datatype, resourcefieldkey, value, secondaryresourcekey, start, end, count) values('defaultNew','zi',1,'countryrange','region_int9',null,null,null,null,null,null,null);
insert into regionconfig(profileid, country, shards, type, region, datatype, resourcefieldkey, value, secondaryresourcekey, start, end, count) values('defaultNew','fj',1,'countryrange','region_int9',null,null,null,null,null,null,null);
insert into regionconfig(profileid, country, shards, type, region, datatype, resourcefieldkey, value, secondaryresourcekey, start, end, count) values('defaultNew','ni',1,'countryrange','region_int9',null,null,null,null,null,null,null);
insert into regionconfig(profileid, country, shards, type, region, datatype, resourcefieldkey, value, secondaryresourcekey, start, end, count) values('defaultNew','mv',1,'countryrange','region_int9',null,null,null,null,null,null,null);
insert into regionconfig(profileid, country, shards, type, region, datatype, resourcefieldkey, value, secondaryresourcekey, start, end, count) values('defaultNew','kr',1,'countryrange','region_int9',null,null,null,null,null,null,null);
insert into regionconfig(profileid, country, shards, type, region, datatype, resourcefieldkey, value, secondaryresourcekey, start, end, count) values('defaultNew','bq',1,'countryrange','region_int9',null,null,null,null,null,null,null);

insert into regionconfig(profileid, country, shards, type, region, datatype, resourcefieldkey, value, secondaryresourcekey, start, end, count) values('defaultNew','ro',2,'countryrange','region_int10',null,null,null,null,null,null,null);
insert into regionconfig(profileid, country, shards, type, region, datatype, resourcefieldkey, value, secondaryresourcekey, start, end, count) values('defaultNew','bu',1,'countryrange','region_int11',null,null,null,null,null,null,null);
insert into regionconfig(profileid, country, shards, type, region, datatype, resourcefieldkey, value, secondaryresourcekey, start, end, count) values('defaultNew','fi',1,'countryrange','region_int12',null,null,null,null,null,null,null);
insert into regionconfig(profileid, country, shards, type, region, datatype, resourcefieldkey, value, secondaryresourcekey, start, end, count) values('defaultNew','lo',1,'countryrange','region_int13',null,null,null,null,null,null,null);

insert into regionconfig(profileid, country, shards, type, region, datatype, resourcefieldkey, value, secondaryresourcekey, start, end, count) values('defaultNew','mo',1,'countryrange','region_int14',null,null,null,null,null,null,null);
insert into regionconfig(profileid, country, shards, type, region, datatype, resourcefieldkey, value, secondaryresourcekey, start, end, count) values('defaultNew','cy',1,'countryrange','region_int14',null,null,null,null,null,null,null);
insert into regionconfig(profileid, country, shards, type, region, datatype, resourcefieldkey, value, secondaryresourcekey, start, end, count) values('defaultNew','si',1,'countryrange','region_int14',null,null,null,null,null,null,null);

insert into regionconfig(profileid, country, shards, type, region, datatype, resourcefieldkey, value, secondaryresourcekey, start, end, count) values('defaultNew','lg',1,'countryrange','region_int14',null,null,null,null,null,null,null);
insert into regionconfig(profileid, country, shards, type, region, datatype, resourcefieldkey, value, secondaryresourcekey, start, end, count) values('defaultNew','hr',1,'countryrange','region_int14',null,null,null,null,null,null,null);
insert into regionconfig(profileid, country, shards, type, region, datatype, resourcefieldkey, value, secondaryresourcekey, start, end, count) values('defaultNew','lh',1,'countryrange','region_int14',null,null,null,null,null,null,null);
insert into regionconfig(profileid, country, shards, type, region, datatype, resourcefieldkey, value, secondaryresourcekey, start, end, count) values('defaultNew','re',1,'countryrange','region_int14',null,null,null,null,null,null,null);

insert into regionconfig(profileid, country, shards, type, region, datatype, resourcefieldkey, value, secondaryresourcekey, start, end, count) values('defaultNew','gp',1,'countryrange','region_int15',null,null,null,null,null,null,null);
insert into regionconfig(profileid, country, shards, type, region, datatype, resourcefieldkey, value, secondaryresourcekey, start, end, count) values('defaultNew','es',1,'countryrange','region_int15',null,null,null,null,null,null,null);
insert into regionconfig(profileid, country, shards, type, region, datatype, resourcefieldkey, value, secondaryresourcekey, start, end, count) values('defaultNew','md',1,'countryrange','region_int15',null,null,null,null,null,null,null);
insert into regionconfig(profileid, country, shards, type, region, datatype, resourcefieldkey, value, secondaryresourcekey, start, end, count) values('defaultNew','mb',1,'countryrange','region_int15',null,null,null,null,null,null,null);
insert into regionconfig(profileid, country, shards, type, region, datatype, resourcefieldkey, value, secondaryresourcekey, start, end, count) values('defaultNew','bk',1,'countryrange','region_int15',null,null,null,null,null,null,null);
insert into regionconfig(profileid, country, shards, type, region, datatype, resourcefieldkey, value, secondaryresourcekey, start, end, count) values('defaultNew','ag',1,'countryrange','region_int15',null,null,null,null,null,null,null);
insert into regionconfig(profileid, country, shards, type, region, datatype, resourcefieldkey, value, secondaryresourcekey, start, end, count) values('defaultNew','ts',1,'countryrange','region_int15',null,null,null,null,null,null,null);
insert into regionconfig(profileid, country, shards, type, region, datatype, resourcefieldkey, value, secondaryresourcekey, start, end, count) values('defaultNew','ic',1,'countryrange','region_int15',null,null,null,null,null,null,null);
insert into regionconfig(profileid, country, shards, type, region, datatype, resourcefieldkey, value, secondaryresourcekey, start, end, count) values('defaultNew','kg',1,'countryrange','region_int15',null,null,null,null,null,null,null);
insert into regionconfig(profileid, country, shards, type, region, datatype, resourcefieldkey, value, secondaryresourcekey, start, end, count) values('defaultNew','pk',1,'countryrange','region_int15',null,null,null,null,null,null,null);
insert into regionconfig(profileid, country, shards, type, region, datatype, resourcefieldkey, value, secondaryresourcekey, start, end, count) values('defaultNew','fg',1,'countryrange','region_int15',null,null,null,null,null,null,null);
insert into regionconfig(profileid, country, shards, type, region, datatype, resourcefieldkey, value, secondaryresourcekey, start, end, count) values('defaultNew','ls',1,'countryrange','region_int15',null,null,null,null,null,null,null);
insert into regionconfig(profileid, country, shards, type, region, datatype, resourcefieldkey, value, secondaryresourcekey, start, end, count) values('defaultNew','ec',1,'countryrange','region_int15',null,null,null,null,null,null,null);
insert into regionconfig(profileid, country, shards, type, region, datatype, resourcefieldkey, value, secondaryresourcekey, start, end, count) values('defaultNew','qa',1,'countryrange','region_int15',null,null,null,null,null,null,null);
insert into regionconfig(profileid, country, shards, type, region, datatype, resourcefieldkey, value, secondaryresourcekey, start, end, count) values('defaultNew','sy',1,'countryrange','region_int15',null,null,null,null,null,null,null);
insert into regionconfig(profileid, country, shards, type, region, datatype, resourcefieldkey, value, secondaryresourcekey, start, end, count) values('defaultNew','gh',1,'countryrange','region_int15',null,null,null,null,null,null,null);
insert into regionconfig(profileid, country, shards, type, region, datatype, resourcefieldkey, value, secondaryresourcekey, start, end, count) values('defaultNew','ir',1,'countryrange','region_int15',null,null,null,null,null,null,null);
insert into regionconfig(profileid, country, shards, type, region, datatype, resourcefieldkey, value, secondaryresourcekey, start, end, count) values('defaultNew','pm',1,'countryrange','region_int15',null,null,null,null,null,null,null);
insert into regionconfig(profileid, country, shards, type, region, datatype, resourcefieldkey, value, secondaryresourcekey, start, end, count) values('defaultNew','af',1,'countryrange','region_int15',null,null,null,null,null,null,null);
insert into regionconfig(profileid, country, shards, type, region, datatype, resourcefieldkey, value, secondaryresourcekey, start, end, count) values('defaultNew','gi',1,'countryrange','region_int15',null,null,null,null,null,null,null);
insert into regionconfig(profileid, country, shards, type, region, datatype, resourcefieldkey, value, secondaryresourcekey, start, end, count) values('defaultNew','aa',1,'countryrange','region_int15',null,null,null,null,null,null,null);
insert into regionconfig(profileid, country, shards, type, region, datatype, resourcefieldkey, value, secondaryresourcekey, start, end, count) values('defaultNew','bc',1,'countryrange','region_int15',null,null,null,null,null,null,null);
insert into regionconfig(profileid, country, shards, type, region, datatype, resourcefieldkey, value, secondaryresourcekey, start, end, count) values('defaultNew','wa',1,'countryrange','region_int15',null,null,null,null,null,null,null);
insert into regionconfig(profileid, country, shards, type, region, datatype, resourcefieldkey, value, secondaryresourcekey, start, end, count) values('defaultNew','cm',1,'countryrange','region_int15',null,null,null,null,null,null,null);
insert into regionconfig(profileid, country, shards, type, region, datatype, resourcefieldkey, value, secondaryresourcekey, start, end, count) values('defaultNew','mc',1,'countryrange','region_int15',null,null,null,null,null,null,null);
insert into regionconfig(profileid, country, shards, type, region, datatype, resourcefieldkey, value, secondaryresourcekey, start, end, count) values('defaultNew','gl',1,'countryrange','region_int15',null,null,null,null,null,null,null);
insert into regionconfig(profileid, country, shards, type, region, datatype, resourcefieldkey, value, secondaryresourcekey, start, end, count) values('defaultNew','et',1,'countryrange','region_int15',null,null,null,null,null,null,null);
insert into regionconfig(profileid, country, shards, type, region, datatype, resourcefieldkey, value, secondaryresourcekey, start, end, count) values('defaultNew','uy',1,'countryrange','region_int15',null,null,null,null,null,null,null);
insert into regionconfig(profileid, country, shards, type, region, datatype, resourcefieldkey, value, secondaryresourcekey, start, end, count) values('defaultNew','iz',1,'countryrange','region_int15',null,null,null,null,null,null,null);
insert into regionconfig(profileid, country, shards, type, region, datatype, resourcefieldkey, value, secondaryresourcekey, start, end, count) values('defaultNew','gg',1,'countryrange','region_int15',null,null,null,null,null,null,null);
insert into regionconfig(profileid, country, shards, type, region, datatype, resourcefieldkey, value, secondaryresourcekey, start, end, count) values('defaultNew','mn',1,'countryrange','region_int15',null,null,null,null,null,null,null);
insert into regionconfig(profileid, country, shards, type, region, datatype, resourcefieldkey, value, secondaryresourcekey, start, end, count) values('defaultNew','mi',1,'countryrange','region_int15',null,null,null,null,null,null,null);
insert into regionconfig(profileid, country, shards, type, region, datatype, resourcefieldkey, value, secondaryresourcekey, start, end, count) values('defaultNew','iv',1,'countryrange','region_int15',null,null,null,null,null,null,null);
insert into regionconfig(profileid, country, shards, type, region, datatype, resourcefieldkey, value, secondaryresourcekey, start, end, count) values('defaultNew','uc',1,'countryrange','region_int15',null,null,null,null,null,null,null);
insert into regionconfig(profileid, country, shards, type, region, datatype, resourcefieldkey, value, secondaryresourcekey, start, end, count) values('defaultNew','tz',1,'countryrange','region_int15',null,null,null,null,null,null,null);
insert into regionconfig(profileid, country, shards, type, region, datatype, resourcefieldkey, value, secondaryresourcekey, start, end, count) values('defaultNew','fo',1,'countryrange','region_int15',null,null,null,null,null,null,null);
insert into regionconfig(profileid, country, shards, type, region, datatype, resourcefieldkey, value, secondaryresourcekey, start, end, count) values('defaultNew','np',1,'countryrange','region_int15',null,null,null,null,null,null,null);
insert into regionconfig(profileid, country, shards, type, region, datatype, resourcefieldkey, value, secondaryresourcekey, start, end, count) values('defaultNew','al',1,'countryrange','region_int15',null,null,null,null,null,null,null);
insert into regionconfig(profileid, country, shards, type, region, datatype, resourcefieldkey, value, secondaryresourcekey, start, end, count) values('defaultNew','bx',1,'countryrange','region_int15',null,null,null,null,null,null,null);
insert into regionconfig(profileid, country, shards, type, region, datatype, resourcefieldkey, value, secondaryresourcekey, start, end, count) values('defaultNew','mz',1,'countryrange','region_int15',null,null,null,null,null,null,null);
insert into regionconfig(profileid, country, shards, type, region, datatype, resourcefieldkey, value, secondaryresourcekey, start, end, count) values('defaultNew','jm',1,'countryrange','region_int15',null,null,null,null,null,null,null);
insert into regionconfig(profileid, country, shards, type, region, datatype, resourcefieldkey, value, secondaryresourcekey, start, end, count) values('defaultNew','ao',1,'countryrange','region_int15',null,null,null,null,null,null,null);
insert into regionconfig(profileid, country, shards, type, region, datatype, resourcefieldkey, value, secondaryresourcekey, start, end, count) values('defaultNew','za',1,'countryrange','region_int15',null,null,null,null,null,null,null);
insert into regionconfig(profileid, country, shards, type, region, datatype, resourcefieldkey, value, secondaryresourcekey, start, end, count) values('defaultNew','sm',1,'countryrange','region_int15',null,null,null,null,null,null,null);
insert into regionconfig(profileid, country, shards, type, region, datatype, resourcefieldkey, value, secondaryresourcekey, start, end, count) values('defaultNew','pa',1,'countryrange','region_int15',null,null,null,null,null,null,null);
insert into regionconfig(profileid, country, shards, type, region, datatype, resourcefieldkey, value, secondaryresourcekey, start, end, count) values('defaultNew','cf',1,'countryrange','region_int15',null,null,null,null,null,null,null);
insert into regionconfig(profileid, country, shards, type, region, datatype, resourcefieldkey, value, secondaryresourcekey, start, end, count) values('defaultNew','bb',1,'countryrange','region_int15',null,null,null,null,null,null,null);
insert into regionconfig(profileid, country, shards, type, region, datatype, resourcefieldkey, value, secondaryresourcekey, start, end, count) values('defaultNew','an',1,'countryrange','region_int15',null,null,null,null,null,null,null);
insert into regionconfig(profileid, country, shards, type, region, datatype, resourcefieldkey, value, secondaryresourcekey, start, end, count) values('defaultNew','bn',1,'countryrange','region_int15',null,null,null,null,null,null,null);
insert into regionconfig(profileid, country, shards, type, region, datatype, resourcefieldkey, value, secondaryresourcekey, start, end, count) values('defaultNew','aj',1,'countryrange','region_int15',null,null,null,null,null,null,null);
insert into regionconfig(profileid, country, shards, type, region, datatype, resourcefieldkey, value, secondaryresourcekey, start, end, count) values('defaultNew','rm',1,'countryrange','region_int15',null,null,null,null,null,null,null);
insert into regionconfig(profileid, country, shards, type, region, datatype, resourcefieldkey, value, secondaryresourcekey, start, end, count) values('defaultNew','uz',1,'countryrange','region_int15',null,null,null,null,null,null,null);
insert into regionconfig(profileid, country, shards, type, region, datatype, resourcefieldkey, value, secondaryresourcekey, start, end, count) values('defaultNew','kv',1,'countryrange','region_int15',null,null,null,null,null,null,null);
insert into regionconfig(profileid, country, shards, type, region, datatype, resourcefieldkey, value, secondaryresourcekey, start, end, count) values('defaultNew','to',1,'countryrange','region_int15',null,null,null,null,null,null,null);
insert into regionconfig(profileid, country, shards, type, region, datatype, resourcefieldkey, value, secondaryresourcekey, start, end, count) values('defaultNew','uv',1,'countryrange','region_int15',null,null,null,null,null,null,null);
insert into regionconfig(profileid, country, shards, type, region, datatype, resourcefieldkey, value, secondaryresourcekey, start, end, count) values('defaultNew','se',1,'countryrange','region_int15',null,null,null,null,null,null,null);
insert into regionconfig(profileid, country, shards, type, region, datatype, resourcefieldkey, value, secondaryresourcekey, start, end, count) values('defaultNew','ml',1,'countryrange','region_int15',null,null,null,null,null,null,null);
insert into regionconfig(profileid, country, shards, type, region, datatype, resourcefieldkey, value, secondaryresourcekey, start, end, count) values('defaultNew','cg',1,'countryrange','region_int15',null,null,null,null,null,null,null);
insert into regionconfig(profileid, country, shards, type, region, datatype, resourcefieldkey, value, secondaryresourcekey, start, end, count) values('defaultNew','gb',1,'countryrange','region_int15',null,null,null,null,null,null,null);
insert into regionconfig(profileid, country, shards, type, region, datatype, resourcefieldkey, value, secondaryresourcekey, start, end, count) values('defaultNew','su',1,'countryrange','region_int15',null,null,null,null,null,null,null);
insert into regionconfig(profileid, country, shards, type, region, datatype, resourcefieldkey, value, secondaryresourcekey, start, end, count) values('defaultNew','wz',1,'countryrange','region_int15',null,null,null,null,null,null,null);
insert into regionconfig(profileid, country, shards, type, region, datatype, resourcefieldkey, value, secondaryresourcekey, start, end, count) values('defaultNew','ly',1,'countryrange','region_int15',null,null,null,null,null,null,null);
insert into regionconfig(profileid, country, shards, type, region, datatype, resourcefieldkey, value, secondaryresourcekey, start, end, count) values('defaultNew','fp',1,'countryrange','region_int15',null,null,null,null,null,null,null);
insert into regionconfig(profileid, country, shards, type, region, datatype, resourcefieldkey, value, secondaryresourcekey, start, end, count) values('defaultNew','gv',1,'countryrange','region_int15',null,null,null,null,null,null,null);
insert into regionconfig(profileid, country, shards, type, region, datatype, resourcefieldkey, value, secondaryresourcekey, start, end, count) values('defaultNew','cv',1,'countryrange','region_int15',null,null,null,null,null,null,null);
insert into regionconfig(profileid, country, shards, type, region, datatype, resourcefieldkey, value, secondaryresourcekey, start, end, count) values('defaultNew','mr',1,'countryrange','region_int15',null,null,null,null,null,null,null);
insert into regionconfig(profileid, country, shards, type, region, datatype, resourcefieldkey, value, secondaryresourcekey, start, end, count) values('defaultNew','cq',1,'countryrange','region_int15',null,null,null,null,null,null,null);
insert into regionconfig(profileid, country, shards, type, region, datatype, resourcefieldkey, value, secondaryresourcekey, start, end, count) values('defaultNew','dj',1,'countryrange','region_int15',null,null,null,null,null,null,null);
insert into regionconfig(profileid, country, shards, type, region, datatype, resourcefieldkey, value, secondaryresourcekey, start, end, count) values('defaultNew','cd',1,'countryrange','region_int15',null,null,null,null,null,null,null);
insert into regionconfig(profileid, country, shards, type, region, datatype, resourcefieldkey, value, secondaryresourcekey, start, end, count) values('defaultNew','sc',1,'countryrange','region_int15',null,null,null,null,null,null,null);
insert into regionconfig(profileid, country, shards, type, region, datatype, resourcefieldkey, value, secondaryresourcekey, start, end, count) values('defaultNew','ga',1,'countryrange','region_int15',null,null,null,null,null,null,null);
insert into regionconfig(profileid, country, shards, type, region, datatype, resourcefieldkey, value, secondaryresourcekey, start, end, count) values('defaultNew','tk',1,'countryrange','region_int15',null,null,null,null,null,null,null);
insert into regionconfig(profileid, country, shards, type, region, datatype, resourcefieldkey, value, secondaryresourcekey, start, end, count) values('defaultNew','ns',1,'countryrange','region_int15',null,null,null,null,null,null,null);
insert into regionconfig(profileid, country, shards, type, region, datatype, resourcefieldkey, value, secondaryresourcekey, start, end, count) values('defaultNew','ac',1,'countryrange','region_int15',null,null,null,null,null,null,null);
insert into regionconfig(profileid, country, shards, type, region, datatype, resourcefieldkey, value, secondaryresourcekey, start, end, count) values('defaultNew','aq',1,'countryrange','region_int15',null,null,null,null,null,null,null);
insert into regionconfig(profileid, country, shards, type, region, datatype, resourcefieldkey, value, secondaryresourcekey, start, end, count) values('defaultNew','ek',1,'countryrange','region_int15',null,null,null,null,null,null,null);
insert into regionconfig(profileid, country, shards, type, region, datatype, resourcefieldkey, value, secondaryresourcekey, start, end, count) values('defaultNew','st',1,'countryrange','region_int15',null,null,null,null,null,null,null);
insert into regionconfig(profileid, country, shards, type, region, datatype, resourcefieldkey, value, secondaryresourcekey, start, end, count) values('defaultNew','vc',1,'countryrange','region_int15',null,null,null,null,null,null,null);
insert into regionconfig(profileid, country, shards, type, region, datatype, resourcefieldkey, value, secondaryresourcekey, start, end, count) values('defaultNew','nn',1,'countryrange','region_int15',null,null,null,null,null,null,null);
insert into regionconfig(profileid, country, shards, type, region, datatype, resourcefieldkey, value, secondaryresourcekey, start, end, count) values('defaultNew','ti',1,'countryrange','region_int15',null,null,null,null,null,null,null);
insert into regionconfig(profileid, country, shards, type, region, datatype, resourcefieldkey, value, secondaryresourcekey, start, end, count) values('defaultNew','av',1,'countryrange','region_int15',null,null,null,null,null,null,null);
insert into regionconfig(profileid, country, shards, type, region, datatype, resourcefieldkey, value, secondaryresourcekey, start, end, count) values('defaultNew','so',1,'countryrange','region_int15',null,null,null,null,null,null,null);
insert into regionconfig(profileid, country, shards, type, region, datatype, resourcefieldkey, value, secondaryresourcekey, start, end, count) values('defaultNew','la',1,'countryrange','region_int15',null,null,null,null,null,null,null);
insert into regionconfig(profileid, country, shards, type, region, datatype, resourcefieldkey, value, secondaryresourcekey, start, end, count) values('defaultNew','ct',1,'countryrange','region_int15',null,null,null,null,null,null,null);
insert into regionconfig(profileid, country, shards, type, region, datatype, resourcefieldkey, value, secondaryresourcekey, start, end, count) values('defaultNew','gy',1,'countryrange','region_int15',null,null,null,null,null,null,null);
insert into regionconfig(profileid, country, shards, type, region, datatype, resourcefieldkey, value, secondaryresourcekey, start, end, count) values('defaultNew','nh',1,'countryrange','region_int15',null,null,null,null,null,null,null);
insert into regionconfig(profileid, country, shards, type, region, datatype, resourcefieldkey, value, secondaryresourcekey, start, end, count) values('defaultNew','fm',1,'countryrange','region_int15',null,null,null,null,null,null,null);
insert into regionconfig(profileid, country, shards, type, region, datatype, resourcefieldkey, value, secondaryresourcekey, start, end, count) values('defaultNew','gj',1,'countryrange','region_int15',null,null,null,null,null,null,null);
insert into regionconfig(profileid, country, shards, type, region, datatype, resourcefieldkey, value, secondaryresourcekey, start, end, count) values('defaultNew','cw',1,'countryrange','region_int15',null,null,null,null,null,null,null);
insert into regionconfig(profileid, country, shards, type, region, datatype, resourcefieldkey, value, secondaryresourcekey, start, end, count) values('defaultNew','bp',1,'countryrange','region_int15',null,null,null,null,null,null,null);
insert into regionconfig(profileid, country, shards, type, region, datatype, resourcefieldkey, value, secondaryresourcekey, start, end, count) values('defaultNew','od',1,'countryrange','region_int15',null,null,null,null,null,null,null);
insert into regionconfig(profileid, country, shards, type, region, datatype, resourcefieldkey, value, secondaryresourcekey, start, end, count) values('defaultNew','tx',1,'countryrange','region_int15',null,null,null,null,null,null,null);
insert into regionconfig(profileid, country, shards, type, region, datatype, resourcefieldkey, value, secondaryresourcekey, start, end, count) values('defaultNew','bt',1,'countryrange','region_int15',null,null,null,null,null,null,null);
insert into regionconfig(profileid, country, shards, type, region, datatype, resourcefieldkey, value, secondaryresourcekey, start, end, count) values('defaultNew','pu',1,'countryrange','region_int15',null,null,null,null,null,null,null);
insert into regionconfig(profileid, country, shards, type, region, datatype, resourcefieldkey, value, secondaryresourcekey, start, end, count) values('defaultNew','tt',1,'countryrange','region_int15',null,null,null,null,null,null,null);
insert into regionconfig(profileid, country, shards, type, region, datatype, resourcefieldkey, value, secondaryresourcekey, start, end, count) values('defaultNew','cn',1,'countryrange','region_int15',null,null,null,null,null,null,null);
insert into regionconfig(profileid, country, shards, type, region, datatype, resourcefieldkey, value, secondaryresourcekey, start, end, count) values('defaultNew','tp',1,'countryrange','region_int15',null,null,null,null,null,null,null);
insert into regionconfig(profileid, country, shards, type, region, datatype, resourcefieldkey, value, secondaryresourcekey, start, end, count) values('defaultNew','mh',1,'countryrange','region_int15',null,null,null,null,null,null,null);
insert into regionconfig(profileid, country, shards, type, region, datatype, resourcefieldkey, value, secondaryresourcekey, start, end, count) values('defaultNew','nr',1,'countryrange','region_int15',null,null,null,null,null,null,null);
insert into regionconfig(profileid, country, shards, type, region, datatype, resourcefieldkey, value, secondaryresourcekey, start, end, count) values('defaultNew','kt',1,'countryrange','region_int15',null,null,null,null,null,null,null);
insert into regionconfig(profileid, country, shards, type, region, datatype, resourcefieldkey, value, secondaryresourcekey, start, end, count) values('defaultNew','tv',1,'countryrange','region_int15',null,null,null,null,null,null,null);
insert into regionconfig(profileid, country, shards, type, region, datatype, resourcefieldkey, value, secondaryresourcekey, start, end, count) values('defaultNew','ps',1,'countryrange','region_int15',null,null,null,null,null,null,null);
insert into regionconfig(profileid, country, shards, type, region, datatype, resourcefieldkey, value, secondaryresourcekey, start, end, count) values('defaultNew','tl',1,'countryrange','region_int15',null,null,null,null,null,null,null);
insert into regionconfig(profileid, country, shards, type, region, datatype, resourcefieldkey, value, secondaryresourcekey, start, end, count) values('defaultNew','nc',1,'countryrange','region_int15',null,null,null,null,null,null,null);

insert into regionconfig(profileid, country, shards, type, region, datatype, resourcefieldkey, value, secondaryresourcekey, start, end, count) values('defaultNew','th',1,'countryrange','region_int16',null,null,null,null,null,null,null);
insert into regionconfig(profileid, country, shards, type, region, datatype, resourcefieldkey, value, secondaryresourcekey, start, end, count) values('defaultNew','rp',1,'countryrange','region_int16',null,null,null,null,null,null,null);
insert into regionconfig(profileid, country, shards, type, region, datatype, resourcefieldkey, value, secondaryresourcekey, start, end, count) values('defaultNew','ym',1,'countryrange','region_int16',null,null,null,null,null,null,null);
insert into regionconfig(profileid, country, shards, type, region, datatype, resourcefieldkey, value, secondaryresourcekey, start, end, count) values('defaultNew','ws',1,'countryrange','region_int16',null,null,null,null,null,null,null);
insert into regionconfig(profileid, country, shards, type, region, datatype, resourcefieldkey, value, secondaryresourcekey, start, end, count) values('defaultNew','er',1,'countryrange','region_int16',null,null,null,null,null,null,null);
insert into regionconfig(profileid, country, shards, type, region, datatype, resourcefieldkey, value, secondaryresourcekey, start, end, count) values('defaultNew','fk',1,'countryrange','region_int16',null,null,null,null,null,null,null);
insert into regionconfig(profileid, country, shards, type, region, datatype, resourcefieldkey, value, secondaryresourcekey, start, end, count) values('defaultNew','sh',1,'countryrange','region_int16',null,null,null,null,null,null,null);
insert into regionconfig(profileid, country, shards, type, region, datatype, resourcefieldkey, value, secondaryresourcekey, start, end, count) values('defaultNew','wq',1,'countryrange','region_int16',null,null,null,null,null,null,null);
insert into regionconfig(profileid, country, shards, type, region, datatype, resourcefieldkey, value, secondaryresourcekey, start, end, count) values('defaultNew','yi',1,'countryrange','region_int16',null,null,null,null,null,null,null);
insert into regionconfig(profileid, country, shards, type, region, datatype, resourcefieldkey, value, secondaryresourcekey, start, end, count) values('defaultNew','ba',1,'countryrange','region_int16',null,null,null,null,null,null,null);
insert into regionconfig(profileid, country, shards, type, region, datatype, resourcefieldkey, value, secondaryresourcekey, start, end, count) values('defaultNew','cs',1,'countryrange','region_int16',null,null,null,null,null,null,null);
insert into regionconfig(profileid, country, shards, type, region, datatype, resourcefieldkey, value, secondaryresourcekey, start, end, count) values('defaultNew','mu',1,'countryrange','region_int16',null,null,null,null,null,null,null);
insert into regionconfig(profileid, country, shards, type, region, datatype, resourcefieldkey, value, secondaryresourcekey, start, end, count) values('defaultNew','bm',1,'countryrange','region_int16',null,null,null,null,null,null,null);
insert into regionconfig(profileid, country, shards, type, region, datatype, resourcefieldkey, value, secondaryresourcekey, start, end, count) values('defaultNew','sg',1,'countryrange','region_int16',null,null,null,null,null,null,null);
insert into regionconfig(profileid, country, shards, type, region, datatype, resourcefieldkey, value, secondaryresourcekey, start, end, count) values('defaultNew','ma',1,'countryrange','region_int16',null,null,null,null,null,null,null);
insert into regionconfig(profileid, country, shards, type, region, datatype, resourcefieldkey, value, secondaryresourcekey, start, end, count) values('defaultNew','bh',1,'countryrange','region_int16',null,null,null,null,null,null,null);
insert into regionconfig(profileid, country, shards, type, region, datatype, resourcefieldkey, value, secondaryresourcekey, start, end, count) values('defaultNew','ng',1,'countryrange','region_int16',null,null,null,null,null,null,null);
insert into regionconfig(profileid, country, shards, type, region, datatype, resourcefieldkey, value, secondaryresourcekey, start, end, count) values('defaultNew','by',1,'countryrange','region_int16',null,null,null,null,null,null,null);
insert into regionconfig(profileid, country, shards, type, region, datatype, resourcefieldkey, value, secondaryresourcekey, start, end, count) values('defaultNew','sl',1,'countryrange','region_int16',null,null,null,null,null,null,null);
insert into regionconfig(profileid, country, shards, type, region, datatype, resourcefieldkey, value, secondaryresourcekey, start, end, count) values('defaultNew','do',1,'countryrange','region_int16',null,null,null,null,null,null,null);
insert into regionconfig(profileid, country, shards, type, region, datatype, resourcefieldkey, value, secondaryresourcekey, start, end, count) values('defaultNew','tn',1,'countryrange','region_int16',null,null,null,null,null,null,null);
insert into regionconfig(profileid, country, shards, type, region, datatype, resourcefieldkey, value, secondaryresourcekey, start, end, count) values('defaultNew','nf',1,'countryrange','region_int16',null,null,null,null,null,null,null);



insert into regionconfig(profileid, country, shards, type, region, datatype, resourcefieldkey, value, secondaryresourcekey, start, end, count) values('defaultNew','pe',3,'companynamerange','region','gdmi','businessName','1',null,'a','z',null);

insert into regionconfig(profileid, country, shards, type, region, datatype, resourcefieldkey, value, secondaryresourcekey, start, end, count) values('defaultNew','ca',3,'companynamerange','region','gdmi','businessName','1',null,'a','z',null);

insert into regionconfig(profileid, country, shards, type, region, datatype, resourcefieldkey, value, secondaryresourcekey, start, end, count) values('defaultNew','fr',12,'companynamerange','region','gdmi','businessName','1',null,'a','z',null);

insert into regionconfig(profileid, country, shards, type, region, datatype, resourcefieldkey, value, secondaryresourcekey, start, end, count) values('defaultNew','uk',12,'companynamerange','region','gdmi','businessName','1',null,'a','z',null);

insert into regionconfig(profileid, country, shards, type, region, datatype, resourcefieldkey, value, secondaryresourcekey, start, end, count) values('defaultNew','ch',12,'companynamerange','region','gdmi','businessName','1',null,'a','z',null);

insert into regionconfig(profileid, country, shards, type, region, datatype, resourcefieldkey, value, secondaryresourcekey, start, end, count) values('defaultNew','in',9,'companynamerange','region','gdmi','businessName','1',null,'a','z',null);

insert into regionconfig(profileid, country, shards, type, region, datatype, resourcefieldkey, value, secondaryresourcekey, start, end, count) values('defaultNew','it',9,'companynamerange','region','gdmi','businessName','1',null,'a','z',null);

insert into regionconfig(profileid, country, shards, type, region, datatype, resourcefieldkey, value, secondaryresourcekey, start, end, count) values('defaultNew','br',9,'companynamerange','region','gdmi','businessName','1',null,'a','z',null);

insert into regionconfig(profileid, country, shards, type, region, datatype, resourcefieldkey, value, secondaryresourcekey, start, end, count) values('defaultNew','rs',7,'companynamerange','region','gdmi','businessName','1',null,'a','z',null);

insert into regionconfig(profileid, country, shards, type, region, datatype, resourcefieldkey, value, secondaryresourcekey, start, end, count) values('defaultNew','gm',7,'companynamerange','region','gdmi','businessName','1',null,'a','z',null);

insert into regionconfig(profileid, country, shards, type, region, datatype, resourcefieldkey, value, secondaryresourcekey, start, end, count) values('defaultNew','pl',5,'companynamerange','region','gdmi','businessName','1',null,'a','z',null);

insert into regionconfig(profileid, country, shards, type, region, datatype, resourcefieldkey, value, secondaryresourcekey, start, end, count) values('defaultNew','sp',4,'companynamerange','region','gdmi','businessName','1',null,'a','z',null);

insert into regionconfig(profileid, country, shards, type, region, datatype, resourcefieldkey, value, secondaryresourcekey, start, end, count) values('defaultNew','ja',4,'companynamerange','region','gdmi','businessName','1',null,'a','z',null);

insert into regionconfig(profileid, country, shards, type, region, datatype, resourcefieldkey, value, secondaryresourcekey, start, end, count) values('defaultNew','as',4,'companynamerange','region','gdmi','businessName','1',null,'a','z',null);

insert into regionconfig(profileid, country, shards, type, region, datatype, resourcefieldkey, value, secondaryresourcekey, start, end, count) values('defaultNew','nl',4,'companynamerange','region','gdmi','businessName','1',null,'a','z',null);

insert into regionconfig(profileid, country, shards, type, region, datatype, resourcefieldkey, value, secondaryresourcekey, start, end, count) values('defaultNew','us',2,'statevalue','region2','gdmi','stateAbbreviation','nj',null,null,null,null);
insert into regionconfig(profileid, country, shards, type, region, datatype, resourcefieldkey, value, secondaryresourcekey, start, end, count) values('defaultNew','us',2,'statevalue','region3','gdmi','stateAbbreviation','ak',null,null,null,null);
insert into regionconfig(profileid, country, shards, type, region, datatype, resourcefieldkey, value, secondaryresourcekey, start, end, count) values('defaultNew','us',2,'statevalue','region3','gdmi','stateAbbreviation','vi',null,null,null,null);
insert into regionconfig(profileid, country, shards, type, region, datatype, resourcefieldkey, value, secondaryresourcekey, start, end, count) values('defaultNew','us',2,'statevalue','region3','gdmi','stateAbbreviation','ma',null,null,null,null);
insert into regionconfig(profileid, country, shards, type, region, datatype, resourcefieldkey, value, secondaryresourcekey, start, end, count) values('defaultNew','us',2,'statevalue','region3','gdmi','stateAbbreviation','gu',null,null,null,null);
insert into regionconfig(profileid, country, shards, type, region, datatype, resourcefieldkey, value, secondaryresourcekey, start, end, count) values('defaultNew','us',2,'statevalue','region5','gdmi','stateAbbreviation','va',null,null,null,null);
insert into regionconfig(profileid, country, shards, type, region, datatype, resourcefieldkey, value, secondaryresourcekey, start, end, count) values('defaultNew','us',2,'statevalue','region5','gdmi','stateAbbreviation','mp',null,null,null,null);
insert into regionconfig(profileid, country, shards, type, region, datatype, resourcefieldkey, value, secondaryresourcekey, start, end, count) values('defaultNew','us',2,'statevalue','region5','gdmi','stateAbbreviation','as',null,null,null,null);

insert into regionconfig(profileid, country, shards, type, region, datatype, resourcefieldkey, value, secondaryresourcekey, start, end, count) values('defaultNew','us',2,'statevalue','region','gdmi','stateAbbreviation','pa','city','a','z',1);

insert into regionconfig(profileid, country, shards, type, region, datatype, resourcefieldkey, value, secondaryresourcekey, start, end, count) values('defaultNew','us',6,'statevalue','region','gdmi','stateAbbreviation','fl','city','a','z',1);

insert into regionconfig(profileid, country, shards, type, region, datatype, resourcefieldkey, value, secondaryresourcekey, start, end, count) values('defaultNew','us',3,'statevalue','region6','gdmi','stateAbbreviation','mi',null,null,null,null);
insert into regionconfig(profileid, country, shards, type, region, datatype, resourcefieldkey, value, secondaryresourcekey, start, end, count) values('defaultNew','us',2,'statevalue','region7','gdmi','stateAbbreviation','wi',null,null,null,null);
insert into regionconfig(profileid, country, shards, type, region, datatype, resourcefieldkey, value, secondaryresourcekey, start, end, count) values('defaultNew','us',2,'statevalue','region7','gdmi','stateAbbreviation','ky',null,null,null,null);
insert into regionconfig(profileid, country, shards, type, region, datatype, resourcefieldkey, value, secondaryresourcekey, start, end, count) values('defaultNew','us',2,'statevalue','region8','gdmi','stateAbbreviation','ok',null,null,null,null);
insert into regionconfig(profileid, country, shards, type, region, datatype, resourcefieldkey, value, secondaryresourcekey, start, end, count) values('defaultNew','us',2,'statevalue','region8','gdmi','stateAbbreviation','ct',null,null,null,null);
insert into regionconfig(profileid, country, shards, type, region, datatype, resourcefieldkey, value, secondaryresourcekey, start, end, count) values('defaultNew','us',1,'statevalue','region10','gdmi','stateAbbreviation','al',null,null,null,null);
insert into regionconfig(profileid, country, shards, type, region, datatype, resourcefieldkey, value, secondaryresourcekey, start, end, count) values('defaultNew','us',1,'statevalue','region11','gdmi','stateAbbreviation','ia',null,null,null,null);
insert into regionconfig(profileid, country, shards, type, region, datatype, resourcefieldkey, value, secondaryresourcekey, start, end, count) values('defaultNew','us',1,'statevalue','region11','gdmi','stateAbbreviation','sd',null,null,null,null);
insert into regionconfig(profileid, country, shards, type, region, datatype, resourcefieldkey, value, secondaryresourcekey, start, end, count) values('defaultNew','us',1,'statevalue','region12','gdmi','stateAbbreviation','wv',null,null,null,null);
insert into regionconfig(profileid, country, shards, type, region, datatype, resourcefieldkey, value, secondaryresourcekey, start, end, count) values('defaultNew','us',1,'statevalue','region12','gdmi','stateAbbreviation','ri',null,null,null,null);
insert into regionconfig(profileid, country, shards, type, region, datatype, resourcefieldkey, value, secondaryresourcekey, start, end, count) values('defaultNew','us',1,'statevalue','region12','gdmi','stateAbbreviation','pr',null,null,null,null);
insert into regionconfig(profileid, country, shards, type, region, datatype, resourcefieldkey, value, secondaryresourcekey, start, end, count) values('defaultNew','us',1,'statevalue','region12','gdmi','stateAbbreviation','nm',null,null,null,null);
insert into regionconfig(profileid, country, shards, type, region, datatype, resourcefieldkey, value, secondaryresourcekey, start, end, count) values('defaultNew','us',2,'statevalue','region13','gdmi','stateAbbreviation','oh',null,null,null,null);
insert into regionconfig(profileid, country, shards, type, region, datatype, resourcefieldkey, value, secondaryresourcekey, start, end, count) values('defaultNew','us',2,'statevalue','region14','gdmi','stateAbbreviation','ut',null,null,null,null);
insert into regionconfig(profileid, country, shards, type, region, datatype, resourcefieldkey, value, secondaryresourcekey, start, end, count) values('defaultNew','us',2,'statevalue','region14','gdmi','stateAbbreviation','nv',null,null,null,null);
insert into regionconfig(profileid, country, shards, type, region, datatype, resourcefieldkey, value, secondaryresourcekey, start, end, count) values('defaultNew','us',1,'statevalue','region15','gdmi','stateAbbreviation','id',null,null,null,null);
insert into regionconfig(profileid, country, shards, type, region, datatype, resourcefieldkey, value, secondaryresourcekey, start, end, count) values('defaultNew','us',2,'statevalue','region16','gdmi','stateAbbreviation','mn',null,null,null,null);
insert into regionconfig(profileid, country, shards, type, region, datatype, resourcefieldkey, value, secondaryresourcekey, start, end, count) values('defaultNew','us',2,'statevalue','region17','gdmi','stateAbbreviation','or',null,null,null,null);
insert into regionconfig(profileid, country, shards, type, region, datatype, resourcefieldkey, value, secondaryresourcekey, start, end, count) values('defaultNew','us',2,'statevalue','region17','gdmi','stateAbbreviation','me',null,null,null,null);
insert into regionconfig(profileid, country, shards, type, region, datatype, resourcefieldkey, value, secondaryresourcekey, start, end, count) values('defaultNew','us',2,'statevalue','region17','gdmi','stateAbbreviation','wy',null,null,null,null);
insert into regionconfig(profileid, country, shards, type, region, datatype, resourcefieldkey, value, secondaryresourcekey, start, end, count) values('defaultNew','us',2,'statevalue','region18','gdmi','stateAbbreviation','md',null,null,null,null);
insert into regionconfig(profileid, country, shards, type, region, datatype, resourcefieldkey, value, secondaryresourcekey, start, end, count) values('defaultNew','us',2,'statevalue','region19','gdmi','stateAbbreviation','hi',null,null,null,null);
insert into regionconfig(profileid, country, shards, type, region, datatype, resourcefieldkey, value, secondaryresourcekey, start, end, count) values('defaultNew','us',2,'statevalue','region19','gdmi','stateAbbreviation','wa',null,null,null,null);
insert into regionconfig(profileid, country, shards, type, region, datatype, resourcefieldkey, value, secondaryresourcekey, start, end, count) values('defaultNew','us',2,'statevalue','region20','gdmi','stateAbbreviation','az',null,null,null,null);
insert into regionconfig(profileid, country, shards, type, region, datatype, resourcefieldkey, value, secondaryresourcekey, start, end, count) values('defaultNew','us',2,'statevalue','region20','gdmi','stateAbbreviation','ar',null,null,null,null);
insert into regionconfig(profileid, country, shards, type, region, datatype, resourcefieldkey, value, secondaryresourcekey, start, end, count) values('defaultNew','us',2,'statevalue','region21','gdmi','stateAbbreviation','tn',null,null,null,null);
insert into regionconfig(profileid, country, shards, type, region, datatype, resourcefieldkey, value, secondaryresourcekey, start, end, count) values('defaultNew','us',2,'statevalue','region21','gdmi','stateAbbreviation','ms',null,null,null,null);
insert into regionconfig(profileid, country, shards, type, region, datatype, resourcefieldkey, value, secondaryresourcekey, start, end, count) values('defaultNew','us',3,'statevalue','region22','gdmi','stateAbbreviation','in',null,null,null,null);
insert into regionconfig(profileid, country, shards, type, region, datatype, resourcefieldkey, value, secondaryresourcekey, start, end, count) values('defaultNew','us',3,'statevalue','region22','gdmi','stateAbbreviation','ks',null,null,null,null);

insert into regionconfig(profileid, country, shards, type, region, datatype, resourcefieldkey, value, secondaryresourcekey, start, end, count) values('defaultNew','us',5,'statevalue','region','gdmi','stateAbbreviation','ny','city','a','z',1);

insert into regionconfig(profileid, country, shards, type, region, datatype, resourcefieldkey, value, secondaryresourcekey, start, end, count) values('defaultNew','us',3,'statevalue','region24','gdmi','stateAbbreviation','il',null,null,null,null);
insert into regionconfig(profileid, country, shards, type, region, datatype, resourcefieldkey, value, secondaryresourcekey, start, end, count) values('defaultNew','us',2,'statevalue','region25','gdmi','stateAbbreviation','sc',null,null,null,null);
insert into regionconfig(profileid, country, shards, type, region, datatype, resourcefieldkey, value, secondaryresourcekey, start, end, count) values('defaultNew','us',2,'statevalue','region25','gdmi','stateAbbreviation','ne',null,null,null,null);
insert into regionconfig(profileid, country, shards, type, region, datatype, resourcefieldkey, value, secondaryresourcekey, start, end, count) values('defaultNew','us',2,'statevalue','region26','gdmi','stateAbbreviation','de',null,null,null,null);

insert into regionconfig(profileid, country, shards, type, region, datatype, resourcefieldkey, value, secondaryresourcekey, start, end, count) values('defaultNew','us',3,'statevalue','region','gdmi','stateAbbreviation','ga','city','a','z',1);

insert into regionconfig(profileid, country, shards, type, region, datatype, resourcefieldkey, value, secondaryresourcekey, start, end, count) values('defaultNew','us',2,'statevalue','region26','gdmi','stateAbbreviation','mo',null,null,null,null);
insert into regionconfig(profileid, country, shards, type, region, datatype, resourcefieldkey, value, secondaryresourcekey, start, end, count) values('defaultNew','us',2,'statevalue','region26','gdmi','stateAbbreviation','dc',null,null,null,null);

insert into regionconfig(profileid, country, shards, type, region, datatype, resourcefieldkey, value, secondaryresourcekey, start, end, count) values('defaultNew','us',8,'statevalue','region','gdmi','stateAbbreviation','tx','city','a','z',1);

insert into regionconfig(profileid, country, shards, type, region, datatype, resourcefieldkey, value, secondaryresourcekey, start, end, count) values('defaultNew','us',2,'statevalue','region28','gdmi','stateAbbreviation','nd',null,null,null,null);
insert into regionconfig(profileid, country, shards, type, region, datatype, resourcefieldkey, value, secondaryresourcekey, start, end, count) values('defaultNew','us',2,'statevalue','region28','gdmi','stateAbbreviation','la',null,null,null,null);
insert into regionconfig(profileid, country, shards, type, region, datatype, resourcefieldkey, value, secondaryresourcekey, start, end, count) values('defaultNew','us',3,'statevalue','region29','gdmi','stateAbbreviation','nc',null,null,null,null);
insert into regionconfig(profileid, country, shards, type, region, datatype, resourcefieldkey, value, secondaryresourcekey, start, end, count) values('defaultNew','us',2,'statevalue','region30','gdmi','stateAbbreviation','co',null,null,null,null);
insert into regionconfig(profileid, country, shards, type, region, datatype, resourcefieldkey, value, secondaryresourcekey, start, end, count) values('defaultNew','us',1,'statevalue','region32','gdmi','stateAbbreviation','nh',null,null,null,null);
insert into regionconfig(profileid, country, shards, type, region, datatype, resourcefieldkey, value, secondaryresourcekey, start, end, count) values('defaultNew','us',1,'statevalue','region32','gdmi','stateAbbreviation','mt',null,null,null,null);
insert into regionconfig(profileid, country, shards, type, region, datatype, resourcefieldkey, value, secondaryresourcekey, start, end, count) values('defaultNew','us',1,'statevalue','region32','gdmi','stateAbbreviation','vt',null,null,null,null);

insert into regionconfig(profileid, country, shards, type, region, datatype, resourcefieldkey, value, secondaryresourcekey, start, end, count) values('defaultNew','us',10,'statevalue','region','gdmi','stateAbbreviation','ca','city','a','z',1);

insert into regionconfig(profileid, country, shards, type, region, datatype, resourcefieldkey, value, secondaryresourcekey, start, end, count) values('referenceDefault','',1,'default','region_default',null,null,null,null,null,null,null); 

######End of regions metadata
